num_fins,fin_height_m,fin_thickness_m,base_thickness_m,spacing_m,h_W_per_m2K,eta_fin,base_exposed_area_m2,A_eff_m2,R_base_K_per_W,R_contact_K_per_W,R_conv_K_per_W,R_total_K_per_W,T_chip_C,Pass_R_total,Pass_derated_70C,Pass_failure_85C
8,0.015,0.001,0.003,0.006114285714285714,65.0,0.9521305776014142,0.00217424,0.01378261600211644,0.0056707430488031705,0.012916692500051669,1.1162333320650408,1.1348207676138957,138.48207676138958,False,False,False
8,0.015,0.001,0.004,0.006114285714285714,65.0,0.9521305776014142,0.00217424,0.01378261600211644,0.00756099073173756,0.012916692500051669,1.1162333320650408,1.13671101529683,138.671101529683,False,False,False
8,0.015,0.001,0.005,0.006114285714285714,65.0,0.9521305776014142,0.00217424,0.01378261600211644,0.00945123841467195,0.012916692500051669,1.1162333320650408,1.1386012629797644,138.86012629797642,False,False,False
8,0.015,0.001,0.006,0.006114285714285714,65.0,0.9521305776014142,0.00217424,0.01378261600211644,0.011341486097606341,0.012916692500051669,1.1162333320650408,1.140491510662699,139.0491510662699,False,False,False
8,0.015,0.0015,0.003,0.005542857142857143,65.0,0.9664493904943342,0.00197104,0.013753990968906922,0.0056707430488031705,0.012916692500051669,1.1185564553150242,1.1371438908638791,138.7143890863879,False,False,False
8,0.015,0.0015,0.004,0.005542857142857143,65.0,0.9664493904943342,0.00197104,0.013753990968906922,0.00756099073173756,0.012916692500051669,1.1185564553150242,1.1390341385468135,138.90341385468133,False,False,False
8,0.015,0.0015,0.005,0.005542857142857143,65.0,0.9664493904943342,0.00197104,0.013753990968906922,0.00945123841467195,0.012916692500051669,1.1185564553150242,1.1409243862297478,139.09243862297478,False,False,False
8,0.015,0.0015,0.006,0.005542857142857143,65.0,0.9664493904943342,0.00197104,0.013753990968906922,0.011341486097606341,0.012916692500051669,1.1185564553150242,1.1428146339126823,139.28146339126823,False,False,False
8,0.015,0.002,0.003,0.004971428571428571,65.0,0.9737936375715175,0.00176784,0.01364033202927194,0.0056707430488031705,0.012916692500051669,1.1278768985681755,1.1464643341170304,139.64643341170304,False,False,False
8,0.015,0.002,0.004,0.004971428571428571,65.0,0.9737936375715175,0.00176784,0.01364033202927194,0.00756099073173756,0.012916692500051669,1.1278768985681755,1.1483545817999647,139.83545817999646,False,False,False
8,0.015,0.002,0.005,0.004971428571428571,65.0,0.9737936375715175,0.00176784,0.01364033202927194,0.00945123841467195,0.012916692500051669,1.1278768985681755,1.150244829482899,140.02448294828991,False,False,False
8,0.015,0.002,0.006,0.004971428571428571,65.0,0.9737936375715175,0.00176784,0.01364033202927194,0.011341486097606341,0.012916692500051669,1.1278768985681755,1.1521350771658336,140.21350771658336,False,False,False
8,0.015,0.0025,0.003,0.004399999999999999,65.0,0.9782551809929797,0.00156464,0.01349152716666641,0.0056707430488031705,0.012916692500051669,1.140316822147921,1.1589042576967759,140.8904257696776,False,False,False
8,0.015,0.0025,0.004,0.004399999999999999,65.0,0.9782551809929797,0.00156464,0.01349152716666641,0.00756099073173756,0.012916692500051669,1.140316822147921,1.1607945053797102,141.079450537971,False,False,False
8,0.015,0.0025,0.005,0.004399999999999999,65.0,0.9782551809929797,0.00156464,0.01349152716666641,0.00945123841467195,0.012916692500051669,1.140316822147921,1.1626847530626445,141.26847530626446,False,False,False
8,0.015,0.0025,0.006,0.004399999999999999,65.0,0.9782551809929797,0.00156464,0.01349152716666641,0.011341486097606341,0.012916692500051669,1.140316822147921,1.164575000745579,141.4575000745579,False,False,False
8,0.015,0.003,0.003,0.003828571428571428,65.0,0.9812486031903821,0.00136144,0.013324822970097138,0.0056707430488031705,0.012916692500051669,1.154583097962406,1.173170533511261,142.3170533511261,False,False,False
8,0.015,0.003,0.004,0.003828571428571428,65.0,0.9812486031903821,0.00136144,0.013324822970097138,0.00756099073173756,0.012916692500051669,1.154583097962406,1.1750607811941953,142.50607811941953,False,False,False
8,0.015,0.003,0.005,0.003828571428571428,65.0,0.9812486031903821,0.00136144,0.013324822970097138,0.00945123841467195,0.012916692500051669,1.154583097962406,1.1769510288771297,142.69510288771295,False,False,False
8,0.015,0.003,0.006,0.003828571428571428,65.0,0.9812486031903821,0.00136144,0.013324822970097138,0.011341486097606341,0.012916692500051669,1.154583097962406,1.1788412765600642,142.88412765600643,False,False,False
8,0.02,0.001,0.003,0.006114285714285714,65.0,0.9197143797280146,0.00217424,0.017125116956858605,0.0056707430488031705,0.012916692500051669,0.8983655658161125,0.9169530013649674,116.69530013649674,False,False,False
8,0.02,0.001,0.004,0.006114285714285714,65.0,0.9197143797280146,0.00217424,0.017125116956858605,0.00756099073173756,0.012916692500051669,0.8983655658161125,0.9188432490479017,116.88432490479018,False,False,False
8,0.02,0.001,0.005,0.006114285714285714,65.0,0.9197143797280146,0.00217424,0.017125116956858605,0.00945123841467195,0.012916692500051669,0.8983655658161125,0.9207334967308362,117.07334967308361,False,False,False
8,0.02,0.001,0.006,0.006114285714285714,65.0,0.9197143797280146,0.00217424,0.017125116956858605,0.011341486097606341,0.012916692500051669,0.8983655658161125,0.9226237444137705,117.26237444137705,False,False,False
8,0.02,0.0015,0.003,0.005542857142857143,65.0,0.9434392081705744,0.00197104,0.017307587768020855,0.0056707430488031705,0.012916692500051669,0.8888942578723457,0.9074816934212006,115.74816934212005,False,False,False
8,0.02,0.0015,0.004,0.005542857142857143,65.0,0.9434392081705744,0.00197104,0.017307587768020855,0.00756099073173756,0.012916692500051669,0.8888942578723457,0.9093719411041349,115.93719411041349,False,False,False
8,0.02,0.0015,0.005,0.005542857142857143,65.0,0.9434392081705744,0.00197104,0.017307587768020855,0.00945123841467195,0.012916692500051669,0.8888942578723457,0.9112621887870693,116.12621887870694,False,False,False
8,0.02,0.0015,0.006,0.005542857142857143,65.0,0.9434392081705744,0.00197104,0.017307587768020855,0.011341486097606341,0.012916692500051669,0.8888942578723457,0.9131524364700037,116.31524364700037,False,False,False
8,0.02,0.002,0.003,0.004971428571428571,65.0,0.9558575714763853,0.00176784,0.017306260681920118,0.0056707430488031705,0.012916692500051669,0.8889624204428933,0.9075498559917482,115.75498559917482,False,False,False
8,0.02,0.002,0.004,0.004971428571428571,65.0,0.9558575714763853,0.00176784,0.017306260681920118,0.00756099073173756,0.012916692500051669,0.8889624204428933,0.9094401036746825,115.94401036746825,False,False,False
8,0.02,0.002,0.005,0.004971428571428571,65.0,0.9558575714763853,0.00176784,0.017306260681920118,0.00945123841467195,0.012916692500051669,0.8889624204428933,0.911330351357617,116.1330351357617,False,False,False
8,0.02,0.002,0.006,0.004971428571428571,65.0,0.9558575714763853,0.00176784,0.017306260681920118,0.011341486097606341,0.012916692500051669,0.8889624204428933,0.9132205990405513,116.32205990405512,False,False,False
8,0.02,0.0025,0.003,0.004399999999999999,65.0,0.9634909363694191,0.00156464,0.017227148661621276,0.0056707430488031705,0.012916692500051669,0.8930447914975798,0.9116322270464347,116.16322270464346,False,False,False
8,0.02,0.0025,0.004,0.004399999999999999,65.0,0.9634909363694191,0.00156464,0.017227148661621276,0.00756099073173756,0.012916692500051669,0.8930447914975798,0.913522474729369,116.3522474729369,False,False,False
8,0.02,0.0025,0.005,0.004399999999999999,65.0,0.9634909363694191,0.00156464,0.017227148661621276,0.00945123841467195,0.012916692500051669,0.8930447914975798,0.9154127224123034,116.54127224123035,False,False,False
8,0.02,0.0025,0.006,0.004399999999999999,65.0,0.9634909363694191,0.00156464,0.017227148661621276,0.011341486097606341,0.012916692500051669,0.8930447914975798,0.9173029700952378,116.73029700952378,False,False,False
8,0.02,0.003,0.003,0.003828571428571428,65.0,0.9686541117374612,0.00136144,0.017107881240404167,0.0056707430488031705,0.012916692500051669,0.8992706442385807,0.9178580797874356,116.78580797874356,False,False,False
8,0.02,0.003,0.004,0.003828571428571428,65.0,0.9686541117374612,0.00136144,0.017107881240404167,0.00756099073173756,0.012916692500051669,0.8992706442385807,0.9197483274703699,116.974832747037,False,False,False
8,0.02,0.003,0.005,0.003828571428571428,65.0,0.9686541117374612,0.00136144,0.017107881240404167,0.00945123841467195,0.012916692500051669,0.8992706442385807,0.9216385751533044,117.16385751533043,False,False,False
8,0.02,0.003,0.006,0.003828571428571428,65.0,0.9686541117374612,0.00136144,0.017107881240404167,0.011341486097606341,0.012916692500051669,0.8992706442385807,0.9235288228362387,117.35288228362387,False,False,False
8,0.025,0.001,0.003,0.006114285714285714,65.0,0.8819779692405005,0.00217424,0.020096032334966974,0.0056707430488031705,0.012916692500051669,0.7655548681540608,0.7841423037029157,103.41423037029158,False,False,False
8,0.025,0.001,0.004,0.006114285714285714,65.0,0.8819779692405005,0.00217424,0.020096032334966974,0.00756099073173756,0.012916692500051669,0.7655548681540608,0.78603255138585,103.603255138585,False,False,False
8,0.025,0.001,0.005,0.006114285714285714,65.0,0.8819779692405005,0.00217424,0.020096032334966974,0.00945123841467195,0.012916692500051669,0.7655548681540608,0.7879227990687845,103.79227990687845,False,False,False
8,0.025,0.001,0.006,0.006114285714285714,65.0,0.8819779692405005,0.00217424,0.020096032334966974,0.011341486097606341,0.012916692500051669,0.7655548681540608,0.7898130467517188,103.98130467517188,False,False,False
8,0.025,0.0015,0.003,0.005542857142857143,65.0,0.9159699652839537,0.00197104,0.02058354969456994,0.0056707430488031705,0.012916692500051669,0.7474228504267142,0.7660102859755691,101.6010285975569,False,False,False
8,0.025,0.0015,0.004,0.005542857142857143,65.0,0.9159699652839537,0.00197104,0.02058354969456994,0.00756099073173756,0.012916692500051669,0.7474228504267142,0.7679005336585034,101.79005336585034,False,False,False
8,0.025,0.0015,0.005,0.005542857142857143,65.0,0.9159699652839537,0.00197104,0.02058354969456994,0.00945123841467195,0.012916692500051669,0.7474228504267142,0.7697907813414379,101.97907813414379,False,False,False
8,0.025,0.0015,0.006,0.005542857142857143,65.0,0.9159699652839537,0.00197104,0.02058354969456994,0.011341486097606341,0.012916692500051669,0.7474228504267142,0.7716810290243722,102.16810290243721,False,False,False
8,0.025,0.002,0.003,0.004971428571428571,65.0,0.9341895077066656,0.00176784,0.020750570796599446,0.0056707430488031705,0.012916692500051669,0.741406852631571,0.7599942881804259,100.99942881804259,False,False,False
8,0.025,0.002,0.004,0.004971428571428571,65.0,0.9341895077066656,0.00176784,0.020750570796599446,0.00756099073173756,0.012916692500051669,0.741406852631571,0.7618845358633602,101.18845358633602,False,False,False
8,0.025,0.002,0.005,0.004971428571428571,65.0,0.9341895077066656,0.00176784,0.020750570796599446,0.00945123841467195,0.012916692500051669,0.741406852631571,0.7637747835462947,101.37747835462947,False,False,False
8,0.025,0.002,0.006,0.004971428571428571,65.0,0.9341895077066656,0.00176784,0.020750570796599446,0.011341486097606341,0.012916692500051669,0.741406852631571,0.765665031229229,101.5665031229229,False,False,False
8,0.025,0.0025,0.003,0.004399999999999999,65.0,0.9455420667973452,0.00156464,0.020778054797322056,0.0056707430488031705,0.012916692500051669,0.7404261628282068,0.7590135983770617,100.90135983770617,False,False,False
8,0.025,0.0025,0.004,0.004399999999999999,65.0,0.9455420667973452,0.00156464,0.020778054797322056,0.00756099073173756,0.012916692500051669,0.7404261628282068,0.7609038460599961,101.0903846059996,False,False,False
8,0.025,0.0025,0.005,0.004399999999999999,65.0,0.9455420667973452,0.00156464,0.020778054797322056,0.00945123841467195,0.012916692500051669,0.7404261628282068,0.7627940937429305,101.27940937429305,False,False,False
8,0.025,0.0025,0.006,0.004399999999999999,65.0,0.9455420667973452,0.00156464,0.020778054797322056,0.011341486097606341,0.012916692500051669,0.7404261628282068,0.7646843414258648,101.46843414258649,False,False,False
8,0.025,0.003,0.003,0.003828571428571428,65.0,0.9532905033332937,0.00136144,0.02073230302773253,0.0056707430488031705,0.012916692500051669,0.7420601254012245,0.7606475609500793,101.06475609500794,False,False,False
8,0.025,0.003,0.004,0.003828571428571428,65.0,0.9532905033332937,0.00136144,0.02073230302773253,0.00756099073173756,0.012916692500051669,0.7420601254012245,0.7625378086330137,101.25378086330137,False,False,False
8,0.025,0.003,0.005,0.003828571428571428,65.0,0.9532905033332937,0.00136144,0.02073230302773253,0.00945123841467195,0.012916692500051669,0.7420601254012245,0.7644280563159481,101.44280563159481,False,False,False
8,0.025,0.003,0.006,0.003828571428571428,65.0,0.9532905033332937,0.00136144,0.02073230302773253,0.011341486097606341,0.012916692500051669,0.7420601254012245,0.7663183039988825,101.63183039988824,False,False,False
8,0.03,0.001,0.003,0.006114285714285714,65.0,0.8408200080996091,0.00217424,0.02267679507750087,0.0056707430488031705,0.012916692500051669,0.6784298809437788,0.6970173164926337,94.70173164926337,False,False,False
8,0.03,0.001,0.004,0.006114285714285714,65.0,0.8408200080996091,0.00217424,0.02267679507750087,0.00756099073173756,0.012916692500051669,0.6784298809437788,0.698907564175568,94.8907564175568,False,False,False
8,0.03,0.001,0.005,0.006114285714285714,65.0,0.8408200080996091,0.00217424,0.02267679507750087,0.00945123841467195,0.012916692500051669,0.6784298809437788,0.7007978118585024,95.07978118585024,False,False,False
8,0.03,0.001,0.006,0.006114285714285714,65.0,0.8408200080996091,0.00217424,0.02267679507750087,0.011341486097606341,0.012916692500051669,0.6784298809437788,0.7026880595414368,95.26880595414367,False,False,False
8,0.03,0.0015,0.003,0.005542857142857143,65.0,0.8850897777499326,0.00197104,0.023553069140654356,0.0056707430488031705,0.012916692500051669,0.6531894120779526,0.6717768476268074,92.17768476268074,False,False,False
8,0.03,0.0015,0.004,0.005542857142857143,65.0,0.8850897777499326,0.00197104,0.023553069140654356,0.00756099073173756,0.012916692500051669,0.6531894120779526,0.6736670953097418,92.36670953097418,False,False,False
8,0.03,0.0015,0.005,0.005542857142857143,65.0,0.8850897777499326,0.00197104,0.023553069140654356,0.00945123841467195,0.012916692500051669,0.6531894120779526,0.6755573429926762,92.55573429926763,False,False,False
8,0.03,0.0015,0.006,0.005542857142857143,65.0,0.8850897777499326,0.00197104,0.023553069140654356,0.011341486097606341,0.012916692500051669,0.6531894120779526,0.6774475906756106,92.74475906756106,False,False,False
8,0.03,0.002,0.003,0.004971428571428571,65.0,0.9094514203812132,0.00176784,0.023943903434575503,0.0056707430488031705,0.012916692500051669,0.642527457006015,0.6611148925548699,91.11148925548699,False,False,False
8,0.03,0.002,0.004,0.004971428571428571,65.0,0.9094514203812132,0.00176784,0.023943903434575503,0.00756099073173756,0.012916692500051669,0.642527457006015,0.6630051402378042,91.30051402378042,False,False,False
8,0.03,0.002,0.005,0.004971428571428571,65.0,0.9094514203812132,0.00176784,0.023943903434575503,0.00945123841467195,0.012916692500051669,0.642527457006015,0.6648953879207387,91.48953879207386,False,False,False
8,0.03,0.002,0.006,0.004971428571428571,65.0,0.9094514203812132,0.00176784,0.023943903434575503,0.011341486097606341,0.012916692500051669,0.642527457006015,0.666785635603673,91.6785635603673,False,False,False
8,0.03,0.0025,0.003,0.004399999999999999,65.0,0.9248649586232254,0.00156464,0.024116547151068726,0.0056707430488031705,0.012916692500051669,0.6379277799696801,0.656515215518535,90.65152155185349,False,False,False
8,0.03,0.0025,0.004,0.004399999999999999,65.0,0.9248649586232254,0.00156464,0.024116547151068726,0.00756099073173756,0.012916692500051669,0.6379277799696801,0.6584054632014693,90.84054632014693,False,False,False
8,0.03,0.0025,0.005,0.004399999999999999,65.0,0.9248649586232254,0.00156464,0.024116547151068726,0.00945123841467195,0.012916692500051669,0.6379277799696801,0.6602957108844038,91.02957108844038,False,False,False
8,0.03,0.0025,0.006,0.004399999999999999,65.0,0.9248649586232254,0.00156464,0.024116547151068726,0.011341486097606341,0.012916692500051669,0.6379277799696801,0.6621859585673381,91.21859585673381,False,False,False
8,0.03,0.003,0.003,0.003828571428571428,65.0,0.9354920684066064,0.00136144,0.024172478596026687,0.0056707430488031705,0.012916692500051669,0.6364517119541149,0.6550391475029698,90.50391475029697,False,False,False
8,0.03,0.003,0.004,0.003828571428571428,65.0,0.9354920684066064,0.00136144,0.024172478596026687,0.00756099073173756,0.012916692500051669,0.6364517119541149,0.6569293951859041,90.6929395185904,False,False,False
8,0.03,0.003,0.005,0.003828571428571428,65.0,0.9354920684066064,0.00136144,0.024172478596026687,0.00945123841467195,0.012916692500051669,0.6364517119541149,0.6588196428688385,90.88196428688386,False,False,False
8,0.03,0.003,0.006,0.003828571428571428,65.0,0.9354920684066064,0.00136144,0.024172478596026687,0.011341486097606341,0.012916692500051669,0.6364517119541149,0.6607098905517729,91.0709890551773,False,False,False
8,0.035,0.001,0.003,0.006114285714285714,65.0,0.7979562629595071,0.00217424,0.024874499768672058,0.0056707430488031705,0.012916692500051669,0.6184894380867665,0.6370768736356214,88.70768736356214,False,False,False
8,0.035,0.001,0.004,0.006114285714285714,65.0,0.7979562629595071,0.00217424,0.024874499768672058,0.00756099073173756,0.012916692500051669,0.6184894380867665,0.6389671213185557,88.89671213185557,False,False,False
8,0.035,0.001,0.005,0.006114285714285714,65.0,0.7979562629595071,0.00217424,0.024874499768672058,0.00945123841467195,0.012916692500051669,0.6184894380867665,0.6408573690014902,89.08573690014902,False,False,False
8,0.035,0.001,0.006,0.006114285714285714,65.0,0.7979562629595071,0.00217424,0.024874499768672058,0.011341486097606341,0.012916692500051669,0.6184894380867665,0.6427476166844245,89.27476166844245,False,False,False
8,0.035,0.0015,0.003,0.005542857142857143,65.0,0.8518355920853805,0.00197104,0.026204058923644906,0.0056707430488031705,0.012916692500051669,0.5871081052536203,0.6056955408024752,85.56955408024751,False,False,False
8,0.035,0.0015,0.004,0.005542857142857143,65.0,0.8518355920853805,0.00197104,0.026204058923644906,0.00756099073173756,0.012916692500051669,0.5871081052536203,0.6075857884854096,85.75857884854096,False,False,False
8,0.035,0.0015,0.005,0.005542857142857143,65.0,0.8518355920853805,0.00197104,0.026204058923644906,0.00945123841467195,0.012916692500051669,0.5871081052536203,0.609476036168344,85.9476036168344,False,False,False
8,0.035,0.0015,0.006,0.005542857142857143,65.0,0.8518355920853805,0.00197104,0.026204058923644906,0.011341486097606341,0.012916692500051669,0.5871081052536203,0.6113662838512783,86.13662838512784,False,False,False
8,0.035,0.002,0.003,0.004971428571428571,65.0,0.8823289044669683,0.00176784,0.026868332674276317,0.0056707430488031705,0.012916692500051669,0.5725928575889855,0.5911802931378404,84.11802931378404,False,False,True
8,0.035,0.002,0.004,0.004971428571428571,65.0,0.8823289044669683,0.00176784,0.026868332674276317,0.00756099073173756,0.012916692500051669,0.5725928575889855,0.5930705408207747,84.30705408207747,False,False,True
8,0.035,0.002,0.005,0.004971428571428571,65.0,0.8823289044669683,0.00176784,0.026868332674276317,0.00945123841467195,0.012916692500051669,0.5725928575889855,0.5949607885037091,84.4960788503709,False,False,True
8,0.035,0.002,0.006,0.004971428571428571,65.0,0.8823289044669683,0.00176784,0.026868332674276317,0.011341486097606341,0.012916692500051669,0.5725928575889855,0.5968510361866435,84.68510361866436,False,False,True
8,0.035,0.0025,0.003,0.004399999999999999,65.0,0.9019453788471857,0.00156464,0.027223182137444738,0.0056707430488031705,0.012916692500051669,0.5651292088831258,0.5837166444319807,83.37166444319807,False,False,True
8,0.035,0.0025,0.004,0.004399999999999999,65.0,0.9019453788471857,0.00156464,0.027223182137444738,0.00756099073173756,0.012916692500051669,0.5651292088831258,0.585606892114915,83.5606892114915,False,False,True
8,0.035,0.0025,0.005,0.004399999999999999,65.0,0.9019453788471857,0.00156464,0.027223182137444738,0.00945123841467195,0.012916692500051669,0.5651292088831258,0.5874971397978495,83.74971397978494,False,False,True
8,0.035,0.0025,0.006,0.004399999999999999,65.0,0.9019453788471857,0.00156464,0.027223182137444738,0.011341486097606341,0.012916692500051669,0.5651292088831258,0.5893873874807838,83.93873874807838,False,False,True
8,0.035,0.003,0.003,0.003828571428571428,65.0,0.915621048962954,0.00136144,0.027409027600898115,0.0056707430488031705,0.012916692500051669,0.5612973801416901,0.579884815690545,82.9884815690545,False,False,True
8,0.035,0.003,0.004,0.003828571428571428,65.0,0.915621048962954,0.00136144,0.027409027600898115,0.00756099073173756,0.012916692500051669,0.5612973801416901,0.5817750633734793,83.17750633734792,False,False,True
8,0.035,0.003,0.005,0.003828571428571428,65.0,0.915621048962954,0.00136144,0.027409027600898115,0.00945123841467195,0.012916692500051669,0.5612973801416901,0.5836653110564137,83.36653110564137,False,False,True
8,0.035,0.003,0.006,0.003828571428571428,65.0,0.915621048962954,0.00136144,0.027409027600898115,0.011341486097606341,0.012916692500051669,0.5612973801416901,0.5855555587393481,83.55555587393481,False,False,True
8,0.04,0.001,0.003,0.006114285714285714,65.0,0.7548114374884926,0.00217424,0.02671466945562587,0.0056707430488031705,0.012916692500051669,0.5758864211353931,0.594473856684248,84.4473856684248,False,False,True
8,0.04,0.001,0.004,0.006114285714285714,65.0,0.7548114374884926,0.00217424,0.02671466945562587,0.00756099073173756,0.012916692500051669,0.5758864211353931,0.5963641043671823,84.63641043671824,False,False,True
8,0.04,0.001,0.005,0.006114285714285714,65.0,0.7548114374884926,0.00217424,0.02671466945562587,0.00945123841467195,0.012916692500051669,0.5758864211353931,0.5982543520501168,84.82543520501167,False,False,True
8,0.04,0.001,0.006,0.006114285714285714,65.0,0.7548114374884926,0.00217424,0.02671466945562587,0.011341486097606341,0.012916692500051669,0.5758864211353931,0.6001445997330511,85.01445997330512,False,False,False
8,0.04,0.0015,0.003,0.005542857142857143,65.0,0.8171663578956474,0.00197104,0.02853875262790329,0.0056707430488031705,0.012916692500051669,0.5390780594094128,0.5576654949582677,80.76654949582677,False,False,True
8,0.04,0.0015,0.004,0.005542857142857143,65.0,0.8171663578956474,0.00197104,0.02853875262790329,0.00756099073173756,0.012916692500051669,0.5390780594094128,0.559555742641202,80.9555742641202,False,False,True
8,0.04,0.0015,0.005,0.005542857142857143,65.0,0.8171663578956474,0.00197104,0.02853875262790329,0.00945123841467195,0.012916692500051669,0.5390780594094128,0.5614459903241364,81.14459903241365,False,False,True
8,0.04,0.0015,0.006,0.005542857142857143,65.0,0.8171663578956474,0.00197104,0.02853875262790329,0.011341486097606341,0.012916692500051669,0.5390780594094128,0.5633362380070708,81.33362380070707,False,False,True
8,0.04,0.002,0.003,0.004971428571428571,65.0,0.8534914981291505,0.00176784,0.02951655558717494,0.0056707430488031705,0.012916692500051669,0.5212198740187713,0.5398073095676262,78.98073095676261,False,False,True
8,0.04,0.002,0.004,0.004971428571428571,65.0,0.8534914981291505,0.00176784,0.02951655558717494,0.00756099073173756,0.012916692500051669,0.5212198740187713,0.5416975572505606,79.16975572505606,False,False,True
8,0.04,0.002,0.005,0.004971428571428571,65.0,0.8534914981291505,0.00176784,0.02951655558717494,0.00945123841467195,0.012916692500051669,0.5212198740187713,0.543587804933495,79.3587804933495,False,False,True
8,0.04,0.002,0.006,0.004971428571428571,65.0,0.8534914981291505,0.00176784,0.02951655558717494,0.011341486097606341,0.012916692500051669,0.5212198740187713,0.5454780526164293,79.54780526164294,False,False,True
8,0.04,0.0025,0.003,0.004399999999999999,65.0,0.8772735851881902,0.00156464,0.03008655880163844,0.0056707430488031705,0.012916692500051669,0.5113451320919287,0.5299325676407836,77.99325676407835,False,False,True
8,0.04,0.0025,0.004,0.004399999999999999,65.0,0.8772735851881902,0.00156464,0.03008655880163844,0.00756099073173756,0.012916692500051669,0.5113451320919287,0.5318228153237179,78.18228153237179,False,False,True
8,0.04,0.0025,0.005,0.004399999999999999,65.0,0.8772735851881902,0.00156464,0.03008655880163844,0.00945123841467195,0.012916692500051669,0.5113451320919287,0.5337130630066523,78.37130630066522,False,False,True
8,0.04,0.0025,0.006,0.004399999999999999,65.0,0.8772735851881902,0.00156464,0.03008655880163844,0.011341486097606341,0.012916692500051669,0.5113451320919287,0.5356033106895867,78.56033106895867,False,False,True
8,0.04,0.003,0.003,0.003828571428571428,65.0,0.8940511260024171,0.00136144,0.030428830208590583,0.0056707430488031705,0.012916692500051669,0.5055933888734258,0.5241808244222806,77.41808244222807,False,False,True
8,0.04,0.003,0.004,0.003828571428571428,65.0,0.8940511260024171,0.00136144,0.030428830208590583,0.00756099073173756,0.012916692500051669,0.5055933888734258,0.526071072105215,77.60710721052149,False,False,True
8,0.04,0.003,0.005,0.003828571428571428,65.0,0.8940511260024171,0.00136144,0.030428830208590583,0.00945123841467195,0.012916692500051669,0.5055933888734258,0.5279613197881494,77.79613197881494,False,False,True
8,0.04,0.003,0.006,0.003828571428571428,65.0,0.8940511260024171,0.00136144,0.030428830208590583,0.011341486097606341,0.012916692500051669,0.5055933888734258,0.5298515674710838,77.98515674710838,False,False,True
8,0.045,0.001,0.003,0.006114285714285714,65.0,0.7124808841793205,0.00217424,0.028233940819742828,0.0056707430488031705,0.012916692500051669,0.5448979114476843,0.5634853469965392,81.34853469965392,False,False,True
8,0.045,0.001,0.004,0.006114285714285714,65.0,0.7124808841793205,0.00217424,0.028233940819742828,0.00756099073173756,0.012916692500051669,0.5448979114476843,0.5653755946794735,81.53755946794735,False,False,True
8,0.045,0.001,0.005,0.006114285714285714,65.0,0.7124808841793205,0.00217424,0.028233940819742828,0.00945123841467195,0.012916692500051669,0.5448979114476843,0.567265842362408,81.7265842362408,False,False,True
8,0.045,0.001,0.006,0.006114285714285714,65.0,0.7124808841793205,0.00217424,0.028233940819742828,0.011341486097606341,0.012916692500051669,0.5448979114476843,0.5691560900453423,81.91560900453423,False,False,True
8,0.045,0.0015,0.003,0.005542857142857143,65.0,0.7819191519258898,0.00197104,0.030570514900841343,0.0056707430488031705,0.012916692500051669,0.503250123019419,0.5218375585682739,77.18375585682739,False,False,True
8,0.045,0.0015,0.004,0.005542857142857143,65.0,0.7819191519258898,0.00197104,0.030570514900841343,0.00756099073173756,0.012916692500051669,0.503250123019419,0.5237278062512082,77.37278062512081,False,False,True
8,0.045,0.0015,0.005,0.005542857142857143,65.0,0.7819191519258898,0.00197104,0.030570514900841343,0.00945123841467195,0.012916692500051669,0.503250123019419,0.5256180539341426,77.56180539341426,False,False,True
8,0.045,0.0015,0.006,0.005542857142857143,65.0,0.7819191519258898,0.00197104,0.030570514900841343,0.011341486097606341,0.012916692500051669,0.503250123019419,0.527508301617077,77.7508301617077,False,False,True
8,0.045,0.002,0.003,0.004971428571428571,65.0,0.823561691057948,0.00176784,0.0318904324121355,0.0056707430488031705,0.012916692500051669,0.4824210341770393,0.5010084697258942,75.10084697258941,False,False,True
8,0.045,0.002,0.004,0.004971428571428571,65.0,0.823561691057948,0.00176784,0.0318904324121355,0.00756099073173756,0.012916692500051669,0.4824210341770393,0.5028987174088285,75.28987174088286,False,False,True
8,0.045,0.002,0.005,0.004971428571428571,65.0,0.823561691057948,0.00176784,0.0318904324121355,0.00945123841467195,0.012916692500051669,0.4824210341770393,0.504788965091763,75.4788965091763,False,False,True
8,0.045,0.002,0.006,0.004971428571428571,65.0,0.823561691057948,0.00176784,0.0318904324121355,0.011341486097606341,0.012916692500051669,0.4824210341770393,0.5066792127746973,75.66792127746973,False,False,True
8,0.045,0.0025,0.003,0.004399999999999999,65.0,0.8513230927470943,0.00156464,0.03270263344031772,0.0056707430488031705,0.012916692500051669,0.4704396486201118,0.4890270841689666,73.90270841689667,False,False,True
8,0.045,0.0025,0.004,0.004399999999999999,65.0,0.8513230927470943,0.00156464,0.03270263344031772,0.00756099073173756,0.012916692500051669,0.4704396486201118,0.490917331851901,74.0917331851901,False,False,True
8,0.045,0.0025,0.005,0.004399999999999999,65.0,0.8513230927470943,0.00156464,0.03270263344031772,0.00945123841467195,0.012916692500051669,0.4704396486201118,0.4928075795348354,74.28075795348354,False,False,True
8,0.045,0.0025,0.006,0.004399999999999999,65.0,0.8513230927470943,0.00156464,0.03270263344031772,0.011341486097606341,0.012916692500051669,0.4704396486201118,0.4946978272177698,74.46978272177698,False,False,True
8,0.045,0.003,0.003,0.003828571428571428,65.0,0.8711525473689028,0.00136144,0.03322471557256498,0.0056707430488031705,0.012916692500051669,0.46304731641763386,0.4816347519664887,73.16347519664887,False,False,True
8,0.045,0.003,0.004,0.003828571428571428,65.0,0.8711525473689028,0.00136144,0.03322471557256498,0.00756099073173756,0.012916692500051669,0.46304731641763386,0.4835249996494231,73.35249996494231,False,False,True
8,0.045,0.003,0.005,0.003828571428571428,65.0,0.8711525473689028,0.00136144,0.03322471557256498,0.00945123841467195,0.012916692500051669,0.46304731641763386,0.48541524733235747,73.54152473323575,False,False,True
8,0.045,0.003,0.006,0.003828571428571428,65.0,0.8711525473689028,0.00136144,0.03322471557256498,0.011341486097606341,0.012916692500051669,0.46304731641763386,0.48730549501529186,73.73054950152918,False,False,True
8,0.05,0.001,0.003,0.006114285714285714,65.0,0.671743357372989,0.00217424,0.029473890043638273,0.0056707430488031705,0.012916692500051669,0.521974376705529,0.5405618122543839,79.0561812254384,False,False,True
8,0.05,0.001,0.004,0.006114285714285714,65.0,0.671743357372989,0.00217424,0.029473890043638273,0.00756099073173756,0.012916692500051669,0.521974376705529,0.5424520599373183,79.24520599373183,False,False,True
8,0.05,0.001,0.005,0.006114285714285714,65.0,0.671743357372989,0.00217424,0.029473890043638273,0.00945123841467195,0.012916692500051669,0.521974376705529,0.5443423076202527,79.43423076202527,False,False,True
8,0.05,0.001,0.006,0.006114285714285714,65.0,0.671743357372989,0.00217424,0.029473890043638273,0.011341486097606341,0.012916692500051669,0.521974376705529,0.546232555303187,79.6232555303187,False,False,True
8,0.05,0.0015,0.003,0.005542857142857143,65.0,0.7467873748635436,0.00197104,0.032320478914454415,0.0056707430488031705,0.012916692500051669,0.4760020860252493,0.49458952157410413,74.45895215741041,False,False,True
8,0.05,0.0015,0.004,0.005542857142857143,65.0,0.7467873748635436,0.00197104,0.032320478914454415,0.00756099073173756,0.012916692500051669,0.4760020860252493,0.4964797692570385,74.64797692570386,False,False,True
8,0.05,0.0015,0.005,0.005542857142857143,65.0,0.7467873748635436,0.00197104,0.032320478914454415,0.00945123841467195,0.012916692500051669,0.4760020860252493,0.4983700169399729,74.83700169399728,False,False,True
8,0.05,0.0015,0.006,0.005542857142857143,65.0,0.7467873748635436,0.00197104,0.032320478914454415,0.011341486097606341,0.012916692500051669,0.4760020860252493,0.5002602646229073,75.02602646229073,False,False,True
8,0.05,0.002,0.003,0.004971428571428571,65.0,0.7930937892739091,0.00176784,0.033999171596091664,0.0056707430488031705,0.012916692500051669,0.4524997128572364,0.4710871484060912,72.10871484060912,False,False,True
8,0.05,0.002,0.004,0.004971428571428571,65.0,0.7930937892739091,0.00176784,0.033999171596091664,0.00756099073173756,0.012916692500051669,0.4524997128572364,0.4729773960890256,72.29773960890256,False,False,True
8,0.05,0.002,0.005,0.004971428571428571,65.0,0.7930937892739091,0.00176784,0.033999171596091664,0.00945123841467195,0.012916692500051669,0.4524997128572364,0.47486764377196,72.48676437719601,False,False,True
8,0.05,0.002,0.006,0.004971428571428571,65.0,0.7930937892739091,0.00176784,0.033999171596091664,0.011341486097606341,0.012916692500051669,0.4524997128572364,0.4767578914548944,72.67578914548943,False,False,True
8,0.05,0.0025,0.003,0.004399999999999999,65.0,0.824534201842774,0.00156464,0.03507370996289034,0.0056707430488031705,0.012916692500051669,0.43863667119597677,0.4572241067448316,70.72241067448316,False,False,True
8,0.05,0.0025,0.004,0.004399999999999999,65.0,0.824534201842774,0.00156464,0.03507370996289034,0.00756099073173756,0.012916692500051669,0.43863667119597677,0.459114354427766,70.9114354427766,False,False,True
8,0.05,0.0025,0.005,0.004399999999999999,65.0,0.824534201842774,0.00156464,0.03507370996289034,0.00945123841467195,0.012916692500051669,0.43863667119597677,0.4610046021107004,71.10046021107004,False,False,True
8,0.05,0.0025,0.006,0.004399999999999999,65.0,0.824534201842774,0.00156464,0.03507370996289034,0.011341486097606341,0.012916692500051669,0.43863667119597677,0.46289484979363477,71.28948497936348,False,False,True
8,0.05,0.003,0.003,0.003828571428571428,65.0,0.8472797131485227,0.00136144,0.03579488754235596,0.0056707430488031705,0.012916692500051669,0.42979923784956225,0.4483866733984171,69.8386673398417,True,True,True
8,0.05,0.003,0.004,0.003828571428571428,65.0,0.8472797131485227,0.00136144,0.03579488754235596,0.00756099073173756,0.012916692500051669,0.42979923784956225,0.4502769210813515,70.02769210813514,False,False,True
8,0.05,0.003,0.005,0.003828571428571428,65.0,0.8472797131485227,0.00136144,0.03579488754235596,0.00945123841467195,0.012916692500051669,0.42979923784956225,0.45216716876428587,70.21671687642859,False,False,True
8,0.05,0.003,0.006,0.003828571428571428,65.0,0.8472797131485227,0.00136144,0.03579488754235596,0.011341486097606341,0.012916692500051669,0.42979923784956225,0.45405741644722025,70.40574164472203,False,False,True
9,0.015,0.001,0.003,0.005225,65.0,0.9521305776014142,0.00212344,0.015182863002380996,0.0056707430488031705,0.012916692500051669,1.013288164570987,1.031875600119842,128.1875600119842,False,False,False
9,0.015,0.001,0.004,0.005225,65.0,0.9521305776014142,0.00212344,0.015182863002380996,0.00756099073173756,0.012916692500051669,1.013288164570987,1.0337658478027762,128.37658478027762,False,False,False
9,0.015,0.001,0.005,0.005225,65.0,0.9521305776014142,0.00212344,0.015182863002380996,0.00945123841467195,0.012916692500051669,1.013288164570987,1.0356560954857106,128.56560954857105,False,False,False
9,0.015,0.001,0.006,0.005225,65.0,0.9521305776014142,0.00212344,0.015182863002380996,0.011341486097606341,0.012916692500051669,1.013288164570987,1.0375463431686451,128.7546343168645,False,False,False
9,0.015,0.0015,0.003,0.0046625,65.0,0.9664493904943342,0.00189484,0.015150659840020286,0.0056707430488031705,0.012916692500051669,1.0154419376492836,1.0340293731981385,128.40293731981384,False,False,False
9,0.015,0.0015,0.004,0.0046625,65.0,0.9664493904943342,0.00189484,0.015150659840020286,0.00756099073173756,0.012916692500051669,1.0154419376492836,1.0359196208810728,128.59196208810727,False,False,False
9,0.015,0.0015,0.005,0.0046625,65.0,0.9664493904943342,0.00189484,0.015150659840020286,0.00945123841467195,0.012916692500051669,1.0154419376492836,1.0378098685640071,128.78098685640072,False,False,False
9,0.015,0.0015,0.006,0.0046625,65.0,0.9664493904943342,0.00189484,0.015150659840020286,0.011341486097606341,0.012916692500051669,1.0154419376492836,1.0397001162469417,128.97001162469417,False,False,False
9,0.015,0.002,0.003,0.0040999999999999995,65.0,0.9737936375715175,0.0016662399999999998,0.015022793532930932,0.0056707430488031705,0.012916692500051669,1.0240848581784285,1.0426722937272834,129.26722937272834,False,False,False
9,0.015,0.002,0.004,0.0040999999999999995,65.0,0.9737936375715175,0.0016662399999999998,0.015022793532930932,0.00756099073173756,0.012916692500051669,1.0240848581784285,1.0445625414102178,129.45625414102176,False,False,False
9,0.015,0.002,0.005,0.0040999999999999995,65.0,0.9737936375715175,0.0016662399999999998,0.015022793532930932,0.00945123841467195,0.012916692500051669,1.0240848581784285,1.046452789093152,129.6452789093152,False,False,False
9,0.015,0.002,0.006,0.0040999999999999995,65.0,0.9737936375715175,0.0016662399999999998,0.015022793532930932,0.011341486097606341,0.012916692500051669,1.0240848581784285,1.0483430367760866,129.83430367760866,False,False,False
9,0.015,0.0025,0.003,0.0035375,65.0,0.9782551809929797,0.00143764,0.01485538806249971,0.0056707430488031705,0.012916692500051669,1.0356252775012746,1.0542127130501295,130.42127130501297,False,False,False
9,0.015,0.0025,0.004,0.0035375,65.0,0.9782551809929797,0.00143764,0.01485538806249971,0.00756099073173756,0.012916692500051669,1.0356252775012746,1.0561029607330639,130.6102960733064,False,False,False
9,0.015,0.0025,0.005,0.0035375,65.0,0.9782551809929797,0.00143764,0.01485538806249971,0.00945123841467195,0.012916692500051669,1.0356252775012746,1.0579932084159982,130.7993208415998,False,False,False
9,0.015,0.0025,0.006,0.0035375,65.0,0.9782551809929797,0.00143764,0.01485538806249971,0.011341486097606341,0.012916692500051669,1.0356252775012746,1.0598834560989328,130.98834560989326,False,False,False
9,0.015,0.003,0.003,0.0029749999999999998,65.0,0.9812486031903821,0.00120904,0.01466784584135928,0.0056707430488031705,0.012916692500051669,1.0488667218764334,1.0674541574252883,131.74541574252882,False,False,False
9,0.015,0.003,0.004,0.0029749999999999998,65.0,0.9812486031903821,0.00120904,0.01466784584135928,0.00756099073173756,0.012916692500051669,1.0488667218764334,1.0693444051082226,131.93444051082224,False,False,False
9,0.015,0.003,0.005,0.0029749999999999998,65.0,0.9812486031903821,0.00120904,0.01466784584135928,0.00945123841467195,0.012916692500051669,1.0488667218764334,1.071234652791157,132.1234652791157,False,False,False
9,0.015,0.003,0.006,0.0029749999999999998,65.0,0.9812486031903821,0.00120904,0.01466784584135928,0.011341486097606341,0.012916692500051669,1.0488667218764334,1.0731249004740915,132.31249004740914,False,False,False
9,0.02,0.001,0.003,0.005225,65.0,0.9197143797280146,0.00212344,0.01894317657646593,0.0056707430488031705,0.012916692500051669,0.812145487981592,0.8307329235304469,108.07329235304469,False,False,False
9,0.02,0.001,0.004,0.005225,65.0,0.9197143797280146,0.00212344,0.01894317657646593,0.00756099073173756,0.012916692500051669,0.812145487981592,0.8326231712133813,108.26231712133813,False,False,False
9,0.02,0.001,0.005,0.005225,65.0,0.9197143797280146,0.00212344,0.01894317657646593,0.00945123841467195,0.012916692500051669,0.812145487981592,0.8345134188963157,108.45134188963156,False,False,False
9,0.02,0.001,0.006,0.005225,65.0,0.9197143797280146,0.00212344,0.01894317657646593,0.011341486097606341,0.012916692500051669,0.812145487981592,0.83640366657925,108.640366657925,False,False,False
9,0.02,0.0015,0.003,0.0046625,65.0,0.9434392081705744,0.00189484,0.019148456239023462,0.0056707430488031705,0.012916692500051669,0.8034389400677856,0.8220263756166405,107.20263756166405,False,False,False
9,0.02,0.0015,0.004,0.0046625,65.0,0.9434392081705744,0.00189484,0.019148456239023462,0.00756099073173756,0.012916692500051669,0.8034389400677856,0.8239166232995748,107.39166232995748,False,False,False
9,0.02,0.0015,0.005,0.0046625,65.0,0.9434392081705744,0.00189484,0.019148456239023462,0.00945123841467195,0.012916692500051669,0.8034389400677856,0.8258068709825093,107.58068709825093,False,False,False
9,0.02,0.0015,0.006,0.0046625,65.0,0.9434392081705744,0.00189484,0.019148456239023462,0.011341486097606341,0.012916692500051669,0.8034389400677856,0.8276971186654436,107.76971186654436,False,False,False
9,0.02,0.002,0.003,0.0040999999999999995,65.0,0.9558575714763853,0.0016662399999999998,0.019146963267160134,0.0056707430488031705,0.012916692500051669,0.8035015876905279,0.8220890232393828,107.20890232393828,False,False,False
9,0.02,0.002,0.004,0.0040999999999999995,65.0,0.9558575714763853,0.0016662399999999998,0.019146963267160134,0.00756099073173756,0.012916692500051669,0.8035015876905279,0.8239792709223172,107.39792709223171,False,False,False
9,0.02,0.002,0.005,0.0040999999999999995,65.0,0.9558575714763853,0.0016662399999999998,0.019146963267160134,0.00945123841467195,0.012916692500051669,0.8035015876905279,0.8258695186052516,107.58695186052516,False,False,False
9,0.02,0.002,0.006,0.0040999999999999995,65.0,0.9558575714763853,0.0016662399999999998,0.019146963267160134,0.011341486097606341,0.012916692500051669,0.8035015876905279,0.8277597662881859,107.7759766288186,False,False,False
9,0.02,0.0025,0.003,0.0035375,65.0,0.9634909363694191,0.00143764,0.019057962244323934,0.0056707430488031705,0.012916692500051669,0.8072539544041447,0.8258413899529996,107.58413899529997,False,False,False
9,0.02,0.0025,0.004,0.0035375,65.0,0.9634909363694191,0.00143764,0.019057962244323934,0.00756099073173756,0.012916692500051669,0.8072539544041447,0.8277316376359339,107.77316376359339,False,False,False
9,0.02,0.0025,0.005,0.0035375,65.0,0.9634909363694191,0.00143764,0.019057962244323934,0.00945123841467195,0.012916692500051669,0.8072539544041447,0.8296218853188684,107.96218853188684,False,False,False
9,0.02,0.0025,0.006,0.0035375,65.0,0.9634909363694191,0.00143764,0.019057962244323934,0.011341486097606341,0.012916692500051669,0.8072539544041447,0.8315121330018027,108.15121330018027,False,False,False
9,0.02,0.003,0.003,0.0029749999999999998,65.0,0.9686541117374612,0.00120904,0.01892378639545469,0.0056707430488031705,0.012916692500051669,0.8129776495633357,0.8315650851121906,108.15650851121906,False,False,False
9,0.02,0.003,0.004,0.0029749999999999998,65.0,0.9686541117374612,0.00120904,0.01892378639545469,0.00756099073173756,0.012916692500051669,0.8129776495633357,0.833455332795125,108.3455332795125,False,False,False
9,0.02,0.003,0.005,0.0029749999999999998,65.0,0.9686541117374612,0.00120904,0.01892378639545469,0.00945123841467195,0.012916692500051669,0.8129776495633357,0.8353455804780594,108.53455804780594,False,False,False
9,0.02,0.003,0.006,0.0029749999999999998,65.0,0.9686541117374612,0.00120904,0.01892378639545469,0.011341486097606341,0.012916692500051669,0.8129776495633357,0.8372358281609937,108.72358281609937,False,False,False
9,0.025,0.001,0.003,0.005225,65.0,0.8819779692405005,0.00212344,0.022285456376837844,0.0056707430488031705,0.012916692500051669,0.6903432949484142,0.7089307304972691,95.89307304972691,False,False,False
9,0.025,0.001,0.004,0.005225,65.0,0.8819779692405005,0.00212344,0.022285456376837844,0.00756099073173756,0.012916692500051669,0.6903432949484142,0.7108209781802034,96.08209781802034,False,False,False
9,0.025,0.001,0.005,0.005225,65.0,0.8819779692405005,0.00212344,0.022285456376837844,0.00945123841467195,0.012916692500051669,0.6903432949484142,0.7127112258631378,96.27112258631378,False,False,False
9,0.025,0.001,0.006,0.005225,65.0,0.8819779692405005,0.00212344,0.022285456376837844,0.011341486097606341,0.012916692500051669,0.6903432949484142,0.7146014735460722,96.46014735460722,False,False,False
9,0.025,0.0015,0.003,0.0046625,65.0,0.9159699652839537,0.00189484,0.022833913406391182,0.0056707430488031705,0.012916692500051669,0.6737616592830403,0.6923490948318952,94.23490948318953,False,False,False
9,0.025,0.0015,0.004,0.0046625,65.0,0.9159699652839537,0.00189484,0.022833913406391182,0.00756099073173756,0.012916692500051669,0.6737616592830403,0.6942393425148295,94.42393425148296,False,False,False
9,0.025,0.0015,0.005,0.0046625,65.0,0.9159699652839537,0.00189484,0.022833913406391182,0.00945123841467195,0.012916692500051669,0.6737616592830403,0.696129590197764,94.6129590197764,False,False,False
9,0.025,0.0015,0.006,0.0046625,65.0,0.9159699652839537,0.00189484,0.022833913406391182,0.011341486097606341,0.012916692500051669,0.6737616592830403,0.6980198378806983,94.80198378806983,False,False,False
9,0.025,0.002,0.003,0.0040999999999999995,65.0,0.9341895077066656,0.0016662399999999998,0.023021812146174377,0.0056707430488031705,0.012916692500051669,0.6682625714662478,0.6868500070151027,93.68500070151026,False,False,False
9,0.025,0.002,0.004,0.0040999999999999995,65.0,0.9341895077066656,0.0016662399999999998,0.023021812146174377,0.00756099073173756,0.012916692500051669,0.6682625714662478,0.688740254698037,93.8740254698037,False,False,False
9,0.025,0.002,0.005,0.0040999999999999995,65.0,0.9341895077066656,0.0016662399999999998,0.023021812146174377,0.00945123841467195,0.012916692500051669,0.6682625714662478,0.6906305023809715,94.06305023809715,False,False,False
9,0.025,0.002,0.006,0.0040999999999999995,65.0,0.9341895077066656,0.0016662399999999998,0.023021812146174377,0.011341486097606341,0.012916692500051669,0.6682625714662478,0.6925207500639058,94.25207500639058,False,False,False
9,0.025,0.0025,0.003,0.0035375,65.0,0.9455420667973452,0.00143764,0.023052731646987314,0.0056707430488031705,0.012916692500051669,0.6673662635823009,0.6859536991311558,93.59536991311558,False,False,False
9,0.025,0.0025,0.004,0.0035375,65.0,0.9455420667973452,0.00143764,0.023052731646987314,0.00756099073173756,0.012916692500051669,0.6673662635823009,0.6878439468140901,93.78439468140901,False,False,False
9,0.025,0.0025,0.005,0.0035375,65.0,0.9455420667973452,0.00143764,0.023052731646987314,0.00945123841467195,0.012916692500051669,0.6673662635823009,0.6897341944970246,93.97341944970246,False,False,False
9,0.025,0.0025,0.006,0.0035375,65.0,0.9455420667973452,0.00143764,0.023052731646987314,0.011341486097606341,0.012916692500051669,0.6673662635823009,0.6916244421799589,94.16244421799588,False,False,False
9,0.025,0.003,0.003,0.0029749999999999998,65.0,0.9532905033332937,0.00120904,0.023001260906199097,0.0056707430488031705,0.012916692500051669,0.6688596528405562,0.687447088389411,93.74470883894111,False,False,False
9,0.025,0.003,0.004,0.0029749999999999998,65.0,0.9532905033332937,0.00120904,0.023001260906199097,0.00756099073173756,0.012916692500051669,0.6688596528405562,0.6893373360723454,93.93373360723454,False,False,False
9,0.025,0.003,0.005,0.0029749999999999998,65.0,0.9532905033332937,0.00120904,0.023001260906199097,0.00945123841467195,0.012916692500051669,0.6688596528405562,0.6912275837552798,94.12275837552798,False,False,False
9,0.025,0.003,0.006,0.0029749999999999998,65.0,0.9532905033332937,0.00120904,0.023001260906199097,0.011341486097606341,0.012916692500051669,0.6688596528405562,0.6931178314382141,94.31178314382142,False,False,False
9,0.03,0.001,0.003,0.005225,65.0,0.8408200080996091,0.00212344,0.025188814462188475,0.0056707430488031705,0.012916692500051669,0.610771714076087,0.6293591496249419,87.9359149624942,False,False,False
9,0.03,0.001,0.004,0.005225,65.0,0.8408200080996091,0.00212344,0.025188814462188475,0.00756099073173756,0.012916692500051669,0.610771714076087,0.6312493973078762,88.12493973078762,False,False,False
9,0.03,0.001,0.005,0.005225,65.0,0.8408200080996091,0.00212344,0.025188814462188475,0.00945123841467195,0.012916692500051669,0.610771714076087,0.6331396449908107,88.31396449908107,False,False,False
9,0.03,0.001,0.006,0.005225,65.0,0.8408200080996091,0.00212344,0.025188814462188475,0.011341486097606341,0.012916692500051669,0.610771714076087,0.635029892673745,88.5029892673745,False,False,False
9,0.03,0.0015,0.003,0.0046625,65.0,0.8850897777499326,0.00189484,0.02617462278323615,0.0056707430488031705,0.012916692500051669,0.5877683706092851,0.60635580615814,85.635580615814,False,False,False
9,0.03,0.0015,0.004,0.0046625,65.0,0.8850897777499326,0.00189484,0.02617462278323615,0.00756099073173756,0.012916692500051669,0.5877683706092851,0.6082460538410743,85.82460538410743,False,False,False
9,0.03,0.0015,0.005,0.0046625,65.0,0.8850897777499326,0.00189484,0.02617462278323615,0.00945123841467195,0.012916692500051669,0.5877683706092851,0.6101363015240088,86.01363015240088,False,False,False
9,0.03,0.0015,0.006,0.0046625,65.0,0.8850897777499326,0.00189484,0.02617462278323615,0.011341486097606341,0.012916692500051669,0.5877683706092851,0.6120265492069431,86.2026549206943,False,False,False
9,0.03,0.002,0.003,0.0040999999999999995,65.0,0.9094514203812132,0.0016662399999999998,0.026614311363897438,0.0056707430488031705,0.012916692500051669,0.5780579919676133,0.5966454275164682,84.66454275164682,False,False,True
9,0.03,0.002,0.004,0.0040999999999999995,65.0,0.9094514203812132,0.0016662399999999998,0.026614311363897438,0.00756099073173756,0.012916692500051669,0.5780579919676133,0.5985356751994025,84.85356751994026,False,False,True
9,0.03,0.002,0.005,0.0040999999999999995,65.0,0.9094514203812132,0.0016662399999999998,0.026614311363897438,0.00945123841467195,0.012916692500051669,0.5780579919676133,0.600425922882337,85.04259228823369,False,False,False
9,0.03,0.002,0.006,0.0040999999999999995,65.0,0.9094514203812132,0.0016662399999999998,0.026614311363897438,0.011341486097606341,0.012916692500051669,0.5780579919676133,0.6023161705652713,85.23161705652713,False,False,False
9,0.03,0.0025,0.003,0.0035375,65.0,0.9248649586232254,0.00143764,0.026808535544952317,0.0056707430488031705,0.012916692500051669,0.5738700407121679,0.5924574762610227,84.24574762610227,False,False,True
9,0.03,0.0025,0.004,0.0035375,65.0,0.9248649586232254,0.00143764,0.026808535544952317,0.00756099073173756,0.012916692500051669,0.5738700407121679,0.5943477239439571,84.43477239439571,False,False,True
9,0.03,0.0025,0.005,0.0035375,65.0,0.9248649586232254,0.00143764,0.026808535544952317,0.00945123841467195,0.012916692500051669,0.5738700407121679,0.5962379716268915,84.62379716268916,False,False,True
9,0.03,0.0025,0.006,0.0035375,65.0,0.9248649586232254,0.00143764,0.026808535544952317,0.011341486097606341,0.012916692500051669,0.5738700407121679,0.5981282193098258,84.81282193098258,False,False,True
9,0.03,0.003,0.003,0.0029749999999999998,65.0,0.9354920684066064,0.00120904,0.026871458420530025,0.0056707430488031705,0.012916692500051669,0.5725262523474128,0.5911136878962677,84.11136878962677,False,False,True
9,0.03,0.003,0.004,0.0029749999999999998,65.0,0.9354920684066064,0.00120904,0.026871458420530025,0.00756099073173756,0.012916692500051669,0.5725262523474128,0.5930039355792021,84.3003935579202,False,False,True
9,0.03,0.003,0.005,0.0029749999999999998,65.0,0.9354920684066064,0.00120904,0.026871458420530025,0.00945123841467195,0.012916692500051669,0.5725262523474128,0.5948941832621365,84.48941832621365,False,False,True
9,0.03,0.003,0.006,0.0029749999999999998,65.0,0.9354920684066064,0.00120904,0.026871458420530025,0.011341486097606341,0.012916692500051669,0.5725262523474128,0.5967844309450708,84.67844309450709,False,False,True
9,0.035,0.001,0.003,0.005225,65.0,0.7979562629595071,0.00212344,0.02766123223975607,0.0056707430488031705,0.012916692500051669,0.5561796832211932,0.574767118770048,82.4767118770048,False,False,True
9,0.035,0.001,0.004,0.005225,65.0,0.7979562629595071,0.00212344,0.02766123223975607,0.00756099073173756,0.012916692500051669,0.5561796832211932,0.5766573664529824,82.66573664529824,False,False,True
9,0.035,0.001,0.005,0.005225,65.0,0.7979562629595071,0.00212344,0.02766123223975607,0.00945123841467195,0.012916692500051669,0.5561796832211932,0.5785476141359168,82.85476141359169,False,False,True
9,0.035,0.001,0.006,0.005225,65.0,0.7979562629595071,0.00212344,0.02766123223975607,0.011341486097606341,0.012916692500051669,0.5561796832211932,0.5804378618188512,83.04378618188511,False,False,True
9,0.035,0.0015,0.003,0.0046625,65.0,0.8518355920853805,0.00189484,0.029156986289100524,0.0056707430488031705,0.012916692500051669,0.5276476530212063,0.5462350885700612,79.62350885700613,False,False,True
9,0.035,0.0015,0.004,0.0046625,65.0,0.8518355920853805,0.00189484,0.029156986289100524,0.00756099073173756,0.012916692500051669,0.5276476530212063,0.5481253362529955,79.81253362529955,False,False,True
9,0.035,0.0015,0.005,0.0046625,65.0,0.8518355920853805,0.00189484,0.029156986289100524,0.00945123841467195,0.012916692500051669,0.5276476530212063,0.55001558393593,80.001558393593,False,False,True
9,0.035,0.0015,0.006,0.0046625,65.0,0.8518355920853805,0.00189484,0.029156986289100524,0.011341486097606341,0.012916692500051669,0.5276476530212063,0.5519058316188643,80.19058316188642,False,False,True
9,0.035,0.002,0.003,0.0040999999999999995,65.0,0.8823289044669683,0.0016662399999999998,0.029904294258560858,0.0056707430488031705,0.012916692500051669,0.5144617442430078,0.5330491797918627,78.30491797918627,False,False,True
9,0.035,0.002,0.004,0.0040999999999999995,65.0,0.8823289044669683,0.0016662399999999998,0.029904294258560858,0.00756099073173756,0.012916692500051669,0.5144617442430078,0.5349394274747971,78.49394274747971,False,False,True
9,0.035,0.002,0.005,0.0040999999999999995,65.0,0.8823289044669683,0.0016662399999999998,0.029904294258560858,0.00945123841467195,0.012916692500051669,0.5144617442430078,0.5368296751577315,78.68296751577316,False,False,True
9,0.035,0.002,0.006,0.0040999999999999995,65.0,0.8823289044669683,0.0016662399999999998,0.029904294258560858,0.011341486097606341,0.012916692500051669,0.5144617442430078,0.5387199228406658,78.87199228406658,False,False,True
9,0.035,0.0025,0.003,0.0035375,65.0,0.9019453788471857,0.00143764,0.030303499904625338,0.0056707430488031705,0.012916692500051669,0.5076844401813525,0.5262718757302074,77.62718757302073,False,False,True
9,0.035,0.0025,0.004,0.0035375,65.0,0.9019453788471857,0.00143764,0.030303499904625338,0.00756099073173756,0.012916692500051669,0.5076844401813525,0.5281621234131417,77.81621234131417,False,False,True
9,0.035,0.0025,0.005,0.0035375,65.0,0.9019453788471857,0.00143764,0.030303499904625338,0.00945123841467195,0.012916692500051669,0.5076844401813525,0.5300523710960762,78.00523710960762,False,False,True
9,0.035,0.0025,0.006,0.0035375,65.0,0.9019453788471857,0.00143764,0.030303499904625338,0.011341486097606341,0.012916692500051669,0.5076844401813525,0.5319426187790105,78.19426187790106,False,False,True
9,0.035,0.003,0.003,0.0029749999999999998,65.0,0.915621048962954,0.00120904,0.030512576051010386,0.0056707430488031705,0.012916692500051669,0.5042057202543521,0.522793155803207,77.2793155803207,False,False,True
9,0.035,0.003,0.004,0.0029749999999999998,65.0,0.915621048962954,0.00120904,0.030512576051010386,0.00756099073173756,0.012916692500051669,0.5042057202543521,0.5246834034861413,77.46834034861413,False,False,True
9,0.035,0.003,0.005,0.0029749999999999998,65.0,0.915621048962954,0.00120904,0.030512576051010386,0.00945123841467195,0.012916692500051669,0.5042057202543521,0.5265736511690757,77.65736511690757,False,False,True
9,0.035,0.003,0.006,0.0029749999999999998,65.0,0.915621048962954,0.00120904,0.030512576051010386,0.011341486097606341,0.012916692500051669,0.5042057202543521,0.5284638988520101,77.846389885201,False,False,True
9,0.04,0.001,0.003,0.005225,65.0,0.7548114374884926,0.00212344,0.0297314231375791,0.0056707430488031705,0.012916692500051669,0.5174530433146325,0.5360404788634874,78.60404788634874,False,False,True
9,0.04,0.001,0.004,0.005225,65.0,0.7548114374884926,0.00212344,0.0297314231375791,0.00756099073173756,0.012916692500051669,0.5174530433146325,0.5379307265464217,78.79307265464217,False,False,True
9,0.04,0.001,0.005,0.005225,65.0,0.7548114374884926,0.00212344,0.0297314231375791,0.00945123841467195,0.012916692500051669,0.5174530433146325,0.5398209742293562,78.98209742293562,False,False,True
9,0.04,0.001,0.006,0.005225,65.0,0.7548114374884926,0.00212344,0.0297314231375791,0.011341486097606341,0.012916692500051669,0.5174530433146325,0.5417112219122905,79.17112219122905,False,False,True
9,0.04,0.0015,0.003,0.0046625,65.0,0.8171663578956474,0.00189484,0.0317835167063912,0.0056707430488031705,0.012916692500051669,0.4840438371478812,0.502631272696736,75.2631272696736,False,False,True
9,0.04,0.0015,0.004,0.0046625,65.0,0.8171663578956474,0.00189484,0.0317835167063912,0.00756099073173756,0.012916692500051669,0.4840438371478812,0.5045215203796705,75.45215203796704,False,False,True
9,0.04,0.0015,0.005,0.0046625,65.0,0.8171663578956474,0.00189484,0.0317835167063912,0.00945123841467195,0.012916692500051669,0.4840438371478812,0.5064117680626048,75.64117680626049,False,False,True
9,0.04,0.0015,0.006,0.0046625,65.0,0.8171663578956474,0.00189484,0.0317835167063912,0.011341486097606341,0.012916692500051669,0.4840438371478812,0.5083020157455392,75.83020157455393,False,False,True
9,0.04,0.002,0.003,0.0040999999999999995,65.0,0.8534914981291505,0.0016662399999999998,0.03288354503557181,0.0056707430488031705,0.012916692500051669,0.4678514852329048,0.48643892078175965,73.64389207817597,False,False,True
9,0.04,0.002,0.004,0.0040999999999999995,65.0,0.8534914981291505,0.0016662399999999998,0.03288354503557181,0.00756099073173756,0.012916692500051669,0.4678514852329048,0.48832916846469404,73.8329168464694,False,False,True
9,0.04,0.002,0.005,0.0040999999999999995,65.0,0.8534914981291505,0.0016662399999999998,0.03288354503557181,0.00945123841467195,0.012916692500051669,0.4678514852329048,0.49021941614762843,74.02194161476285,False,False,True
9,0.04,0.002,0.006,0.0040999999999999995,65.0,0.8534914981291505,0.0016662399999999998,0.03288354503557181,0.011341486097606341,0.012916692500051669,0.4678514852329048,0.4921096638305628,74.21096638305627,False,False,True
9,0.04,0.0025,0.003,0.0035375,65.0,0.8772735851881902,0.00143764,0.03352479865184324,0.0056707430488031705,0.012916692500051669,0.45890254388655416,0.477489979435409,72.7489979435409,False,False,True
9,0.04,0.0025,0.004,0.0035375,65.0,0.8772735851881902,0.00143764,0.03352479865184324,0.00756099073173756,0.012916692500051669,0.45890254388655416,0.4793802271183434,72.93802271183434,False,False,True
9,0.04,0.0025,0.005,0.0035375,65.0,0.8772735851881902,0.00143764,0.03352479865184324,0.00945123841467195,0.012916692500051669,0.45890254388655416,0.48127047480127777,73.12704748012777,False,False,True
9,0.04,0.0025,0.006,0.0035375,65.0,0.8772735851881902,0.00143764,0.03352479865184324,0.011341486097606341,0.012916692500051669,0.45890254388655416,0.48316072248421216,73.31607224842122,False,False,True
9,0.04,0.003,0.003,0.0029749999999999998,65.0,0.8940511260024171,0.00120904,0.03390985398466441,0.0056707430488031705,0.012916692500051669,0.45369158450440433,0.47227902005325917,72.22790200532592,False,False,True
9,0.04,0.003,0.004,0.0029749999999999998,65.0,0.8940511260024171,0.00120904,0.03390985398466441,0.00756099073173756,0.012916692500051669,0.45369158450440433,0.47416926773619356,72.41692677361937,False,False,True
9,0.04,0.003,0.005,0.0029749999999999998,65.0,0.8940511260024171,0.00120904,0.03390985398466441,0.00945123841467195,0.012916692500051669,0.45369158450440433,0.47605951541912794,72.60595154191279,False,False,True
9,0.04,0.003,0.006,0.0029749999999999998,65.0,0.8940511260024171,0.00120904,0.03390985398466441,0.011341486097606341,0.012916692500051669,0.45369158450440433,0.47794976310206233,72.79497631020624,False,False,True
9,0.045,0.001,0.003,0.005225,65.0,0.7124808841793205,0.00212344,0.03144060342221068,0.0056707430488031705,0.012916692500051669,0.4893231589107219,0.5079105944595768,75.79105944595767,False,False,True
9,0.045,0.001,0.004,0.005225,65.0,0.7124808841793205,0.00212344,0.03144060342221068,0.00756099073173756,0.012916692500051669,0.4893231589107219,0.5098008421425112,75.98008421425112,False,False,True
9,0.045,0.001,0.005,0.005225,65.0,0.7124808841793205,0.00212344,0.03144060342221068,0.00945123841467195,0.012916692500051669,0.4893231589107219,0.5116910898254455,76.16910898254454,False,False,True
9,0.045,0.001,0.006,0.005225,65.0,0.7124808841793205,0.00212344,0.03144060342221068,0.011341486097606341,0.012916692500051669,0.4893231589107219,0.51358133750838,76.358133750838,False,False,True
9,0.045,0.0015,0.003,0.0046625,65.0,0.7819191519258898,0.00189484,0.03406924926344651,0.0056707430488031705,0.012916692500051669,0.4515689578496761,0.47015639339853094,72.0156393398531,False,False,True
9,0.045,0.0015,0.004,0.0046625,65.0,0.7819191519258898,0.00189484,0.03406924926344651,0.00756099073173756,0.012916692500051669,0.4515689578496761,0.4720466410814653,72.20466410814653,False,False,True
9,0.045,0.0015,0.005,0.0046625,65.0,0.7819191519258898,0.00189484,0.03406924926344651,0.00945123841467195,0.012916692500051669,0.4515689578496761,0.4739368887643997,72.39368887643997,False,False,True
9,0.045,0.0015,0.006,0.0046625,65.0,0.7819191519258898,0.00189484,0.03406924926344651,0.011341486097606341,0.012916692500051669,0.4515689578496761,0.4758271364473341,72.58271364473342,False,False,True
9,0.045,0.002,0.003,0.0040999999999999995,65.0,0.823561691057948,0.0016662399999999998,0.03555415646365244,0.0056707430488031705,0.012916692500051669,0.4327093345708627,0.4512967701197175,70.12967701197175,False,False,True
9,0.045,0.002,0.004,0.0040999999999999995,65.0,0.823561691057948,0.0016662399999999998,0.03555415646365244,0.00756099073173756,0.012916692500051669,0.4327093345708627,0.4531870178026519,70.3187017802652,False,False,True
9,0.045,0.002,0.005,0.0040999999999999995,65.0,0.823561691057948,0.0016662399999999998,0.03555415646365244,0.00945123841467195,0.012916692500051669,0.4327093345708627,0.4550772654855863,70.50772654855862,False,False,True
9,0.045,0.002,0.006,0.0040999999999999995,65.0,0.823561691057948,0.0016662399999999998,0.03555415646365244,0.011341486097606341,0.012916692500051669,0.4327093345708627,0.4569675131685207,70.69675131685207,False,False,True
9,0.045,0.0025,0.003,0.0035375,65.0,0.8513230927470943,0.00143764,0.03646788262035743,0.0056707430488031705,0.012916692500051669,0.4218675250431799,0.44045496059203476,69.04549605920349,True,True,True
9,0.045,0.0025,0.004,0.0035375,65.0,0.8513230927470943,0.00143764,0.03646788262035743,0.00756099073173756,0.012916692500051669,0.4218675250431799,0.44234520827496915,69.23452082749691,True,True,True
9,0.045,0.0025,0.005,0.0035375,65.0,0.8513230927470943,0.00143764,0.03646788262035743,0.00945123841467195,0.012916692500051669,0.4218675250431799,0.44423545595790354,69.42354559579036,True,True,True
9,0.045,0.0025,0.006,0.0035375,65.0,0.8513230927470943,0.00143764,0.03646788262035743,0.011341486097606341,0.012916692500051669,0.4218675250431799,0.4461257036408379,69.6125703640838,True,True,True
9,0.045,0.003,0.003,0.0029749999999999998,65.0,0.8711525473689028,0.00120904,0.037055225019135614,0.0056707430488031705,0.012916692500051669,0.4151807302929788,0.43376816584183364,68.37681658418336,True,True,True
9,0.045,0.003,0.004,0.0029749999999999998,65.0,0.8711525473689028,0.00120904,0.037055225019135614,0.00756099073173756,0.012916692500051669,0.4151807302929788,0.43565841352476803,68.56584135247681,True,True,True
9,0.045,0.003,0.005,0.0029749999999999998,65.0,0.8711525473689028,0.00120904,0.037055225019135614,0.00945123841467195,0.012916692500051669,0.4151807302929788,0.4375486612077024,68.75486612077025,True,True,True
9,0.045,0.003,0.006,0.0029749999999999998,65.0,0.8711525473689028,0.00120904,0.037055225019135614,0.011341486097606341,0.012916692500051669,0.4151807302929788,0.4394389088906368,68.94389088906368,True,True,True
9,0.05,0.001,0.003,0.005225,65.0,0.671743357372989,0.00212344,0.032835546299093056,0.0056707430488031705,0.012916692500051669,0.46853538675676976,0.4871228223056246,73.71228223056247,False,False,True
9,0.05,0.001,0.004,0.005225,65.0,0.671743357372989,0.00212344,0.032835546299093056,0.00756099073173756,0.012916692500051669,0.46853538675676976,0.489013069988559,73.9013069988559,False,False,True
9,0.05,0.001,0.005,0.005225,65.0,0.671743357372989,0.00212344,0.032835546299093056,0.00945123841467195,0.012916692500051669,0.46853538675676976,0.49090331767149337,74.09033176714934,False,False,True
9,0.05,0.001,0.006,0.005225,65.0,0.671743357372989,0.00212344,0.032835546299093056,0.011341486097606341,0.012916692500051669,0.46853538675676976,0.49279356535442775,74.27935653544277,False,False,True
9,0.05,0.0015,0.003,0.0046625,65.0,0.7467873748635436,0.00189484,0.03603795877876122,0.0056707430488031705,0.012916692500051669,0.4269002991834884,0.4454877347323432,69.54877347323432,True,True,True
9,0.05,0.0015,0.004,0.0046625,65.0,0.7467873748635436,0.00189484,0.03603795877876122,0.00756099073173756,0.012916692500051669,0.4269002991834884,0.4473779824152776,69.73779824152777,True,True,True
9,0.05,0.0015,0.005,0.0046625,65.0,0.7467873748635436,0.00189484,0.03603795877876122,0.00945123841467195,0.012916692500051669,0.4269002991834884,0.449268230098212,69.92682300982119,True,True,True
9,0.05,0.0015,0.006,0.0046625,65.0,0.7467873748635436,0.00189484,0.03603795877876122,0.011341486097606341,0.012916692500051669,0.4269002991834884,0.45115847778114637,70.11584777811464,False,False,True
9,0.05,0.002,0.003,0.0040999999999999995,65.0,0.7930937892739091,0.0016662399999999998,0.03792648804560313,0.0056707430488031705,0.012916692500051669,0.4056430262173707,0.42423046176622553,67.42304617662256,True,True,True
9,0.05,0.002,0.004,0.0040999999999999995,65.0,0.7930937892739091,0.0016662399999999998,0.03792648804560313,0.00756099073173756,0.012916692500051669,0.4056430262173707,0.4261207094491599,67.61207094491598,True,True,True
9,0.05,0.002,0.005,0.0040999999999999995,65.0,0.7930937892739091,0.0016662399999999998,0.03792648804560313,0.00945123841467195,0.012916692500051669,0.4056430262173707,0.4280109571320943,67.80109571320943,True,True,True
9,0.05,0.002,0.006,0.0040999999999999995,65.0,0.7930937892739091,0.0016662399999999998,0.03792648804560313,0.011341486097606341,0.012916692500051669,0.4056430262173707,0.4299012048150287,67.99012048150287,True,True,True
9,0.05,0.0025,0.003,0.0035375,65.0,0.824534201842774,0.00143764,0.03913534370825163,0.0056707430488031705,0.012916692500051669,0.39311307700030657,0.4117005125491614,66.17005125491613,True,True,True
9,0.05,0.0025,0.004,0.0035375,65.0,0.824534201842774,0.00143764,0.03913534370825163,0.00756099073173756,0.012916692500051669,0.39311307700030657,0.4135907602320958,66.35907602320958,True,True,True
9,0.05,0.0025,0.005,0.0035375,65.0,0.824534201842774,0.00143764,0.03913534370825163,0.00945123841467195,0.012916692500051669,0.39311307700030657,0.4154810079150302,66.54810079150302,True,True,True
9,0.05,0.0025,0.006,0.0035375,65.0,0.824534201842774,0.00143764,0.03913534370825163,0.011341486097606341,0.012916692500051669,0.39311307700030657,0.41737125559796456,66.73712555979645,True,True,True
9,0.05,0.003,0.003,0.0029749999999999998,65.0,0.8472797131485227,0.00120904,0.03994666848515046,0.0056707430488031705,0.012916692500051669,0.38512887226964554,0.4037163078185004,65.37163078185003,True,True,True
9,0.05,0.003,0.004,0.0029749999999999998,65.0,0.8472797131485227,0.00120904,0.03994666848515046,0.00756099073173756,0.012916692500051669,0.38512887226964554,0.40560655550143476,65.56065555014348,True,True,True
9,0.05,0.003,0.005,0.0029749999999999998,65.0,0.8472797131485227,0.00120904,0.03994666848515046,0.00945123841467195,0.012916692500051669,0.38512887226964554,0.40749680318436915,65.74968031843692,True,True,True
9,0.05,0.003,0.006,0.0029749999999999998,65.0,0.8472797131485227,0.00120904,0.03994666848515046,0.011341486097606341,0.012916692500051669,0.38512887226964554,0.40938705086730354,65.93870508673035,True,True,True
10,0.015,0.001,0.003,0.004533333333333333,65.0,0.9521305776014142,0.0020726399999999997,0.016583110002645552,0.0056707430488031705,0.012916692500051669,0.9277279944570731,0.946315430005928,119.6315430005928,False,False,False
10,0.015,0.001,0.004,0.004533333333333333,65.0,0.9521305776014142,0.0020726399999999997,0.016583110002645552,0.00756099073173756,0.012916692500051669,0.9277279944570731,0.9482056776888623,119.82056776888624,False,False,False
10,0.015,0.001,0.005,0.004533333333333333,65.0,0.9521305776014142,0.0020726399999999997,0.016583110002645552,0.00945123841467195,0.012916692500051669,0.9277279944570731,0.9500959253717968,120.00959253717967,False,False,False
10,0.015,0.001,0.006,0.004533333333333333,65.0,0.9521305776014142,0.0020726399999999997,0.016583110002645552,0.011341486097606341,0.012916692500051669,0.9277279944570731,0.9519861730547311,120.1986173054731,False,False,False
10,0.015,0.0015,0.003,0.003977777777777778,65.0,0.9664493904943342,0.0018186399999999998,0.016547328711133652,0.0056707430488031705,0.012916692500051669,0.9297340769126106,0.9483215124614655,119.83215124614655,False,False,False
10,0.015,0.0015,0.004,0.003977777777777778,65.0,0.9664493904943342,0.0018186399999999998,0.016547328711133652,0.00756099073173756,0.012916692500051669,0.9297340769126106,0.9502117601443998,120.02117601443997,False,False,False
10,0.015,0.0015,0.005,0.003977777777777778,65.0,0.9664493904943342,0.0018186399999999998,0.016547328711133652,0.00945123841467195,0.012916692500051669,0.9297340769126106,0.9521020078273342,120.21020078273342,False,False,False
10,0.015,0.0015,0.006,0.003977777777777778,65.0,0.9664493904943342,0.0018186399999999998,0.016547328711133652,0.011341486097606341,0.012916692500051669,0.9297340769126106,0.9539922555102686,120.39922555102686,False,False,False
10,0.015,0.002,0.003,0.003422222222222222,65.0,0.9737936375715175,0.00156464,0.016405255036589926,0.0056707430488031705,0.012916692500051669,0.9377858101140075,0.9563732456628624,120.63732456628624,False,False,False
10,0.015,0.002,0.004,0.003422222222222222,65.0,0.9737936375715175,0.00156464,0.016405255036589926,0.00756099073173756,0.012916692500051669,0.9377858101140075,0.9582634933457967,120.82634933457967,False,False,False
10,0.015,0.002,0.005,0.003422222222222222,65.0,0.9737936375715175,0.00156464,0.016405255036589926,0.00945123841467195,0.012916692500051669,0.9377858101140075,0.9601537410287312,121.01537410287312,False,False,False
10,0.015,0.002,0.006,0.003422222222222222,65.0,0.9737936375715175,0.00156464,0.016405255036589926,0.011341486097606341,0.012916692500051669,0.9377858101140075,0.9620439887116655,121.20439887116655,False,False,False
10,0.015,0.0025,0.003,0.0028666666666666662,65.0,0.9782551809929797,0.0013106399999999999,0.01621924895833301,0.0056707430488031705,0.012916692500051669,0.9485405535199697,0.9671279890688246,121.71279890688245,False,False,False
10,0.015,0.0025,0.004,0.0028666666666666662,65.0,0.9782551809929797,0.0013106399999999999,0.01621924895833301,0.00756099073173756,0.012916692500051669,0.9485405535199697,0.9690182367517589,121.90182367517589,False,False,False
10,0.015,0.0025,0.005,0.0028666666666666662,65.0,0.9782551809929797,0.0013106399999999999,0.01621924895833301,0.00945123841467195,0.012916692500051669,0.9485405535199697,0.9709084844346934,122.09084844346934,False,False,False
10,0.015,0.0025,0.006,0.0028666666666666662,65.0,0.9782551809929797,0.0013106399999999999,0.01621924895833301,0.011341486097606341,0.012916692500051669,0.9485405535199697,0.9727987321176277,122.27987321176276,False,False,False
10,0.015,0.003,0.003,0.002311111111111111,65.0,0.9812486031903821,0.00105664,0.016010868712621425,0.0056707430488031705,0.012916692500051669,0.9608857371047979,0.9794731726536527,122.94731726536527,False,False,False
10,0.015,0.003,0.004,0.002311111111111111,65.0,0.9812486031903821,0.00105664,0.016010868712621425,0.00756099073173756,0.012916692500051669,0.9608857371047979,0.9813634203365871,123.1363420336587,False,False,False
10,0.015,0.003,0.005,0.002311111111111111,65.0,0.9812486031903821,0.00105664,0.016010868712621425,0.00945123841467195,0.012916692500051669,0.9608857371047979,0.9832536680195215,123.32536680195216,False,False,False
10,0.015,0.003,0.006,0.002311111111111111,65.0,0.9812486031903821,0.00105664,0.016010868712621425,0.011341486097606341,0.012916692500051669,0.9608857371047979,0.9851439157024559,123.51439157024558,False,False,False
10,0.02,0.001,0.003,0.004533333333333333,65.0,0.9197143797280146,0.0020726399999999997,0.020761236196073257,0.0056707430488031705,0.012916692500051669,0.7410259793453534,0.7596134148942083,100.96134148942083,False,False,False
10,0.02,0.001,0.004,0.004533333333333333,65.0,0.9197143797280146,0.0020726399999999997,0.020761236196073257,0.00756099073173756,0.012916692500051669,0.7410259793453534,0.7615036625771426,101.15036625771427,False,False,False
10,0.02,0.001,0.005,0.004533333333333333,65.0,0.9197143797280146,0.0020726399999999997,0.020761236196073257,0.00945123841467195,0.012916692500051669,0.7410259793453534,0.7633939102600771,101.3393910260077,False,False,False
10,0.02,0.001,0.006,0.004533333333333333,65.0,0.9197143797280146,0.0020726399999999997,0.020761236196073257,0.011341486097606341,0.012916692500051669,0.7410259793453534,0.7652841579430114,101.52841579430114,False,False,False
10,0.02,0.0015,0.003,0.003977777777777778,65.0,0.9434392081705744,0.0018186399999999998,0.02098932471002607,0.0056707430488031705,0.012916692500051669,0.7329733375017321,0.751560773050587,100.1560773050587,False,False,False
10,0.02,0.0015,0.004,0.003977777777777778,65.0,0.9434392081705744,0.0018186399999999998,0.02098932471002607,0.00756099073173756,0.012916692500051669,0.7329733375017321,0.7534510207335213,100.34510207335214,False,False,False
10,0.02,0.0015,0.005,0.003977777777777778,65.0,0.9434392081705744,0.0018186399999999998,0.02098932471002607,0.00945123841467195,0.012916692500051669,0.7329733375017321,0.7553412684164558,100.53412684164557,False,False,False
10,0.02,0.0015,0.006,0.003977777777777778,65.0,0.9434392081705744,0.0018186399999999998,0.02098932471002607,0.011341486097606341,0.012916692500051669,0.7329733375017321,0.7572315160993901,100.72315160993901,False,False,False
10,0.02,0.002,0.003,0.003422222222222222,65.0,0.9558575714763853,0.00156464,0.020987665852400146,0.0056707430488031705,0.012916692500051669,0.7330312714529902,0.7516187070018451,100.16187070018451,False,False,False
10,0.02,0.002,0.004,0.003422222222222222,65.0,0.9558575714763853,0.00156464,0.020987665852400146,0.00756099073173756,0.012916692500051669,0.7330312714529902,0.7535089546847794,100.35089546847794,False,False,False
10,0.02,0.002,0.005,0.003422222222222222,65.0,0.9558575714763853,0.00156464,0.020987665852400146,0.00945123841467195,0.012916692500051669,0.7330312714529902,0.7553992023677139,100.53992023677138,False,False,False
10,0.02,0.002,0.006,0.003422222222222222,65.0,0.9558575714763853,0.00156464,0.020987665852400146,0.011341486097606341,0.012916692500051669,0.7330312714529902,0.7572894500506482,100.72894500506482,False,False,False
10,0.02,0.0025,0.003,0.0028666666666666662,65.0,0.9634909363694191,0.0013106399999999999,0.02088877582702659,0.0056707430488031705,0.012916692500051669,0.736501531349207,0.7550889668980619,100.50889668980619,False,False,False
10,0.02,0.0025,0.004,0.0028666666666666662,65.0,0.9634909363694191,0.0013106399999999999,0.02088877582702659,0.00756099073173756,0.012916692500051669,0.736501531349207,0.7569792145809963,100.69792145809963,False,False,False
10,0.02,0.0025,0.005,0.0028666666666666662,65.0,0.9634909363694191,0.0013106399999999999,0.02088877582702659,0.00945123841467195,0.012916692500051669,0.736501531349207,0.7588694622639307,100.88694622639306,False,False,False
10,0.02,0.0025,0.006,0.0028666666666666662,65.0,0.9634909363694191,0.0013106399999999999,0.02088877582702659,0.011341486097606341,0.012916692500051669,0.736501531349207,0.760759709946865,101.0759709946865,False,False,False
10,0.02,0.003,0.003,0.002311111111111111,65.0,0.9686541117374612,0.00105664,0.020739691550505212,0.0056707430488031705,0.012916692500051669,0.7417957662075558,0.7603832017564107,101.03832017564108,False,False,False
10,0.02,0.003,0.004,0.002311111111111111,65.0,0.9686541117374612,0.00105664,0.020739691550505212,0.00756099073173756,0.012916692500051669,0.7417957662075558,0.762273449439345,101.22734494393451,False,False,False
10,0.02,0.003,0.005,0.002311111111111111,65.0,0.9686541117374612,0.00105664,0.020739691550505212,0.00945123841467195,0.012916692500051669,0.7417957662075558,0.7641636971222795,101.41636971222795,False,False,False
10,0.02,0.003,0.006,0.002311111111111111,65.0,0.9686541117374612,0.00105664,0.020739691550505212,0.011341486097606341,0.012916692500051669,0.7417957662075558,0.7660539448052138,101.60539448052138,False,False,False
10,0.025,0.001,0.003,0.004533333333333333,65.0,0.8819779692405005,0.0020726399999999997,0.024474880418708718,0.0056707430488031705,0.012916692500051669,0.6285879694372403,0.6471754049860952,89.71754049860951,False,False,False
10,0.025,0.001,0.004,0.004533333333333333,65.0,0.8819779692405005,0.0020726399999999997,0.024474880418708718,0.00756099073173756,0.012916692500051669,0.6285879694372403,0.6490656526690295,89.90656526690294,False,False,False
10,0.025,0.001,0.005,0.004533333333333333,65.0,0.8819779692405005,0.0020726399999999997,0.024474880418708718,0.00945123841467195,0.012916692500051669,0.6285879694372403,0.6509559003519639,90.0955900351964,False,False,False
10,0.025,0.001,0.006,0.004533333333333333,65.0,0.8819779692405005,0.0020726399999999997,0.024474880418708718,0.011341486097606341,0.012916692500051669,0.6285879694372403,0.6528461480348983,90.28461480348983,False,False,False
10,0.025,0.0015,0.003,0.003977777777777778,65.0,0.9159699652839537,0.0018186399999999998,0.025084277118212425,0.0056707430488031705,0.012916692500051669,0.6133170715709162,0.6319045071197711,88.1904507119771,False,False,False
10,0.025,0.0015,0.004,0.003977777777777778,65.0,0.9159699652839537,0.0018186399999999998,0.025084277118212425,0.00756099073173756,0.012916692500051669,0.6133170715709162,0.6337947548027054,88.37947548027054,False,False,False
10,0.025,0.0015,0.005,0.003977777777777778,65.0,0.9159699652839537,0.0018186399999999998,0.025084277118212425,0.00945123841467195,0.012916692500051669,0.6133170715709162,0.6356850024856399,88.56850024856399,False,False,False
10,0.025,0.0015,0.006,0.003977777777777778,65.0,0.9159699652839537,0.0018186399999999998,0.025084277118212425,0.011341486097606341,0.012916692500051669,0.6133170715709162,0.6375752501685742,88.75752501685741,False,False,False
10,0.025,0.002,0.003,0.003422222222222222,65.0,0.9341895077066656,0.00156464,0.02529305349574931,0.0056707430488031705,0.012916692500051669,0.6082545702598101,0.626842005808665,87.6842005808665,False,False,False
10,0.025,0.002,0.004,0.003422222222222222,65.0,0.9341895077066656,0.00156464,0.02529305349574931,0.00756099073173756,0.012916692500051669,0.6082545702598101,0.6287322534915993,87.87322534915992,False,False,False
10,0.025,0.002,0.005,0.003422222222222222,65.0,0.9341895077066656,0.00156464,0.02529305349574931,0.00945123841467195,0.012916692500051669,0.6082545702598101,0.6306225011745338,88.06225011745337,False,False,False
10,0.025,0.002,0.006,0.003422222222222222,65.0,0.9341895077066656,0.00156464,0.02529305349574931,0.011341486097606341,0.012916692500051669,0.6082545702598101,0.6325127488574681,88.25127488574681,False,False,False
10,0.025,0.0025,0.003,0.0028666666666666662,65.0,0.9455420667973452,0.0013106399999999999,0.02532740849665257,0.0056707430488031705,0.012916692500051669,0.6074295120501062,0.6260169475989611,87.6016947598961,False,False,False
10,0.025,0.0025,0.004,0.0028666666666666662,65.0,0.9455420667973452,0.0013106399999999999,0.02532740849665257,0.00756099073173756,0.012916692500051669,0.6074295120501062,0.6279071952818954,87.79071952818954,False,False,False
10,0.025,0.0025,0.005,0.0028666666666666662,65.0,0.9455420667973452,0.0013106399999999999,0.02532740849665257,0.00945123841467195,0.012916692500051669,0.6074295120501062,0.6297974429648299,87.97974429648298,False,False,False
10,0.025,0.0025,0.006,0.0028666666666666662,65.0,0.9455420667973452,0.0013106399999999999,0.02532740849665257,0.011341486097606341,0.012916692500051669,0.6074295120501062,0.6316876906477642,88.16876906477643,False,False,False
10,0.025,0.003,0.003,0.002311111111111111,65.0,0.9532905033332937,0.00105664,0.025270218784665663,0.0056707430488031705,0.012916692500051669,0.6088042021207586,0.6273916376696135,87.73916376696135,False,False,False
10,0.025,0.003,0.004,0.002311111111111111,65.0,0.9532905033332937,0.00105664,0.025270218784665663,0.00756099073173756,0.012916692500051669,0.6088042021207586,0.6292818853525478,87.92818853525478,False,False,False
10,0.025,0.003,0.005,0.002311111111111111,65.0,0.9532905033332937,0.00105664,0.025270218784665663,0.00945123841467195,0.012916692500051669,0.6088042021207586,0.6311721330354823,88.11721330354823,False,False,False
10,0.025,0.003,0.006,0.002311111111111111,65.0,0.9532905033332937,0.00105664,0.025270218784665663,0.011341486097606341,0.012916692500051669,0.6088042021207586,0.6330623807184166,88.30623807184166,False,False,False
10,0.03,0.001,0.003,0.004533333333333333,65.0,0.8408200080996091,0.0020726399999999997,0.027700833846876088,0.0056707430488031705,0.012916692500051669,0.5553845588063537,0.5739719943552086,82.39719943552086,False,False,True
10,0.03,0.001,0.004,0.004533333333333333,65.0,0.8408200080996091,0.0020726399999999997,0.027700833846876088,0.00756099073173756,0.012916692500051669,0.5553845588063537,0.575862242038143,82.5862242038143,False,False,True
10,0.03,0.001,0.005,0.004533333333333333,65.0,0.8408200080996091,0.0020726399999999997,0.027700833846876088,0.00945123841467195,0.012916692500051669,0.5553845588063537,0.5777524897210774,82.77524897210773,False,False,True
10,0.03,0.001,0.006,0.004533333333333333,65.0,0.8408200080996091,0.0020726399999999997,0.027700833846876088,0.011341486097606341,0.012916692500051669,0.5553845588063537,0.5796427374040117,82.96427374040118,False,False,True
10,0.03,0.0015,0.003,0.003977777777777778,65.0,0.8850897777499326,0.0018186399999999998,0.028796176425817947,0.0056707430488031705,0.012916692500051669,0.5342589640068296,0.5528463995556845,80.28463995556845,False,False,True
10,0.03,0.0015,0.004,0.003977777777777778,65.0,0.8850897777499326,0.0018186399999999998,0.028796176425817947,0.00756099073173756,0.012916692500051669,0.5342589640068296,0.5547366472386188,80.47366472386187,False,False,True
10,0.03,0.0015,0.005,0.003977777777777778,65.0,0.8850897777499326,0.0018186399999999998,0.028796176425817947,0.00945123841467195,0.012916692500051669,0.5342589640068296,0.5566268949215533,80.66268949215532,False,False,True
10,0.03,0.0015,0.006,0.003977777777777778,65.0,0.8850897777499326,0.0018186399999999998,0.028796176425817947,0.011341486097606341,0.012916692500051669,0.5342589640068296,0.5585171426044876,80.85171426044876,False,False,True
10,0.03,0.002,0.003,0.003422222222222222,65.0,0.9094514203812132,0.00156464,0.029284719293219377,0.0056707430488031705,0.012916692500051669,0.5253461790285133,0.5439336145773682,79.39336145773683,False,False,True
10,0.03,0.002,0.004,0.003422222222222222,65.0,0.9094514203812132,0.00156464,0.029284719293219377,0.00756099073173756,0.012916692500051669,0.5253461790285133,0.5458238622603026,79.58238622603025,False,False,True
10,0.03,0.002,0.005,0.003422222222222222,65.0,0.9094514203812132,0.00156464,0.029284719293219377,0.00945123841467195,0.012916692500051669,0.5253461790285133,0.547714109943237,79.7714109943237,False,False,True
10,0.03,0.002,0.006,0.003422222222222222,65.0,0.9094514203812132,0.00156464,0.029284719293219377,0.011341486097606341,0.012916692500051669,0.5253461790285133,0.5496043576261713,79.96043576261712,False,False,True
10,0.03,0.0025,0.003,0.0028666666666666662,65.0,0.9248649586232254,0.0013106399999999999,0.02950052393883591,0.0056707430488031705,0.012916692500051669,0.5215031236907063,0.5400905592395612,79.00905592395611,False,False,True
10,0.03,0.0025,0.004,0.0028666666666666662,65.0,0.9248649586232254,0.0013106399999999999,0.02950052393883591,0.00756099073173756,0.012916692500051669,0.5215031236907063,0.5419808069224955,79.19808069224955,False,False,True
10,0.03,0.0025,0.005,0.0028666666666666662,65.0,0.9248649586232254,0.0013106399999999999,0.02950052393883591,0.00945123841467195,0.012916692500051669,0.5215031236907063,0.54387105460543,79.387105460543,False,False,True
10,0.03,0.0025,0.006,0.0028666666666666662,65.0,0.9248649586232254,0.0013106399999999999,0.02950052393883591,0.011341486097606341,0.012916692500051669,0.5215031236907063,0.5457613022883643,79.57613022883643,False,False,True
10,0.03,0.003,0.003,0.002311111111111111,65.0,0.9354920684066064,0.00105664,0.029570438245033363,0.0056707430488031705,0.012916692500051669,0.5202701176469502,0.5388575531958051,78.88575531958051,False,False,True
10,0.03,0.003,0.004,0.002311111111111111,65.0,0.9354920684066064,0.00105664,0.029570438245033363,0.00756099073173756,0.012916692500051669,0.5202701176469502,0.5407478008787394,79.07478008787393,False,False,True
10,0.03,0.003,0.005,0.002311111111111111,65.0,0.9354920684066064,0.00105664,0.029570438245033363,0.00945123841467195,0.012916692500051669,0.5202701176469502,0.5426380485616739,79.26380485616738,False,False,True
10,0.03,0.003,0.006,0.002311111111111111,65.0,0.9354920684066064,0.00105664,0.029570438245033363,0.011341486097606341,0.012916692500051669,0.5202701176469502,0.5445282962446082,79.45282962446082,False,False,True
10,0.035,0.001,0.003,0.004533333333333333,65.0,0.7979562629595071,0.0020726399999999997,0.030447964710840072,0.0056707430488031705,0.012916692500051669,0.505275657362351,0.5238630929112059,77.3863092911206,False,False,True
10,0.035,0.001,0.004,0.004533333333333333,65.0,0.7979562629595071,0.0020726399999999997,0.030447964710840072,0.00756099073173756,0.012916692500051669,0.505275657362351,0.5257533405941403,77.57533405941402,False,False,True
10,0.035,0.001,0.005,0.004533333333333333,65.0,0.7979562629595071,0.0020726399999999997,0.030447964710840072,0.00945123841467195,0.012916692500051669,0.505275657362351,0.5276435882770747,77.76435882770747,False,False,True
10,0.035,0.001,0.006,0.004533333333333333,65.0,0.7979562629595071,0.0020726399999999997,0.030447964710840072,0.011341486097606341,0.012916692500051669,0.505275657362351,0.529533835960009,77.9533835960009,False,False,True
10,0.035,0.0015,0.003,0.003977777777777778,65.0,0.8518355920853805,0.0018186399999999998,0.032109913654556135,0.0056707430488031705,0.012916692500051669,0.4791235364294551,0.49771097197830994,74.771097197831,False,False,True
10,0.035,0.0015,0.004,0.003977777777777778,65.0,0.8518355920853805,0.0018186399999999998,0.032109913654556135,0.00756099073173756,0.012916692500051669,0.4791235364294551,0.4996012196612443,74.96012196612443,False,False,True
10,0.035,0.0015,0.005,0.003977777777777778,65.0,0.8518355920853805,0.0018186399999999998,0.032109913654556135,0.00945123841467195,0.012916692500051669,0.4791235364294551,0.5014914673441787,75.14914673441787,False,False,True
10,0.035,0.0015,0.006,0.003977777777777778,65.0,0.8518355920853805,0.0018186399999999998,0.032109913654556135,0.011341486097606341,0.012916692500051669,0.4791235364294551,0.5033817150271132,75.33817150271132,False,False,True
10,0.035,0.002,0.003,0.003422222222222222,65.0,0.8823289044669683,0.00156464,0.03294025584284539,0.0056707430488031705,0.012916692500051669,0.46704601986134586,0.4856334554102007,73.56334554102007,False,False,True
10,0.035,0.002,0.004,0.003422222222222222,65.0,0.8823289044669683,0.00156464,0.03294025584284539,0.00756099073173756,0.012916692500051669,0.46704601986134586,0.4875237030931351,73.7523703093135,False,False,True
10,0.035,0.002,0.005,0.003422222222222222,65.0,0.8823289044669683,0.00156464,0.03294025584284539,0.00945123841467195,0.012916692500051669,0.46704601986134586,0.4894139507760695,73.94139507760696,False,False,True
10,0.035,0.002,0.006,0.003422222222222222,65.0,0.8823289044669683,0.00156464,0.03294025584284539,0.011341486097606341,0.012916692500051669,0.46704601986134586,0.49130419845900386,74.13041984590038,False,False,True
10,0.035,0.0025,0.003,0.0028666666666666662,65.0,0.9019453788471857,0.0013106399999999999,0.033383817671805927,0.0056707430488031705,0.012916692500051669,0.46084050469783017,0.479427940246685,72.9427940246685,False,False,True
10,0.035,0.0025,0.004,0.0028666666666666662,65.0,0.9019453788471857,0.0013106399999999999,0.033383817671805927,0.00756099073173756,0.012916692500051669,0.46084050469783017,0.4813181879296194,73.13181879296194,False,False,True
10,0.035,0.0025,0.005,0.0028666666666666662,65.0,0.9019453788471857,0.0013106399999999999,0.033383817671805927,0.00945123841467195,0.012916692500051669,0.46084050469783017,0.4832084356125538,73.32084356125537,False,False,True
10,0.035,0.0025,0.006,0.0028666666666666662,65.0,0.9019453788471857,0.0013106399999999999,0.033383817671805927,0.011341486097606341,0.012916692500051669,0.46084050469783017,0.48509868329548816,73.50986832954882,False,False,True
10,0.035,0.003,0.003,0.002311111111111111,65.0,0.915621048962954,0.00105664,0.03361612450112265,0.0056707430488031705,0.012916692500051669,0.4576558307338967,0.47624326628275154,72.62432662827516,False,False,True
10,0.035,0.003,0.004,0.002311111111111111,65.0,0.915621048962954,0.00105664,0.03361612450112265,0.00756099073173756,0.012916692500051669,0.4576558307338967,0.47813351396568593,72.81335139656859,False,False,True
10,0.035,0.003,0.005,0.002311111111111111,65.0,0.915621048962954,0.00105664,0.03361612450112265,0.00945123841467195,0.012916692500051669,0.4576558307338967,0.4800237616486203,73.00237616486203,False,False,True
10,0.035,0.003,0.006,0.002311111111111111,65.0,0.915621048962954,0.00105664,0.03361612450112265,0.011341486097606341,0.012916692500051669,0.4576558307338967,0.4819140093315547,73.19140093315548,False,False,True
10,0.04,0.001,0.003,0.004533333333333333,65.0,0.7548114374884926,0.0020726399999999997,0.032748176819532335,0.0056707430488031705,0.012916692500051669,0.4697854011658866,0.4883728367147414,73.83728367147414,False,False,True
10,0.04,0.001,0.004,0.004533333333333333,65.0,0.7548114374884926,0.0020726399999999997,0.032748176819532335,0.00756099073173756,0.012916692500051669,0.4697854011658866,0.4902630843976758,74.02630843976758,False,False,True
10,0.04,0.001,0.005,0.004533333333333333,65.0,0.7548114374884926,0.0020726399999999997,0.032748176819532335,0.00945123841467195,0.012916692500051669,0.4697854011658866,0.4921533320806102,74.21533320806103,False,False,True
10,0.04,0.001,0.006,0.004533333333333333,65.0,0.7548114374884926,0.0020726399999999997,0.032748176819532335,0.011341486097606341,0.012916692500051669,0.4697854011658866,0.49404357976354457,74.40435797635445,False,False,True
10,0.04,0.0015,0.003,0.003977777777777778,65.0,0.8171663578956474,0.0018186399999999998,0.0350282807848791,0.0056707430488031705,0.012916692500051669,0.43920555162549024,0.4577929871743451,70.7792987174345,False,False,True
10,0.04,0.0015,0.004,0.003977777777777778,65.0,0.8171663578956474,0.0018186399999999998,0.0350282807848791,0.00756099073173756,0.012916692500051669,0.43920555162549024,0.45968323485727947,70.96832348572795,False,False,True
10,0.04,0.0015,0.005,0.003977777777777778,65.0,0.8171663578956474,0.0018186399999999998,0.0350282807848791,0.00945123841467195,0.012916692500051669,0.43920555162549024,0.46157348254021385,71.15734825402139,False,False,True
10,0.04,0.0015,0.006,0.003977777777777778,65.0,0.8171663578956474,0.0018186399999999998,0.0350282807848791,0.011341486097606341,0.012916692500051669,0.43920555162549024,0.46346373022314824,71.34637302231482,False,False,True
10,0.04,0.002,0.003,0.003422222222222222,65.0,0.8534914981291505,0.00156464,0.03625053448396867,0.0056707430488031705,0.012916692500051669,0.4243969255520641,0.44298436110091893,69.2984361100919,True,True,True
10,0.04,0.002,0.004,0.003422222222222222,65.0,0.8534914981291505,0.00156464,0.03625053448396867,0.00756099073173756,0.012916692500051669,0.4243969255520641,0.4448746087838533,69.48746087838533,True,True,True
10,0.04,0.002,0.005,0.003422222222222222,65.0,0.8534914981291505,0.00156464,0.03625053448396867,0.00945123841467195,0.012916692500051669,0.4243969255520641,0.4467648564667877,69.67648564667877,True,True,True
10,0.04,0.002,0.006,0.003422222222222222,65.0,0.8534914981291505,0.00156464,0.03625053448396867,0.011341486097606341,0.012916692500051669,0.4243969255520641,0.4486551041497221,69.8655104149722,True,True,True
10,0.04,0.0025,0.003,0.0028666666666666662,65.0,0.8772735851881902,0.0013106399999999999,0.036963038502048046,0.0056707430488031705,0.012916692500051669,0.4162161988864351,0.4348036344352899,68.480363443529,True,True,True
10,0.04,0.0025,0.004,0.0028666666666666662,65.0,0.8772735851881902,0.0013106399999999999,0.036963038502048046,0.00756099073173756,0.012916692500051669,0.4162161988864351,0.4366938821182243,68.66938821182242,True,True,True
10,0.04,0.0025,0.005,0.0028666666666666662,65.0,0.8772735851881902,0.0013106399999999999,0.036963038502048046,0.00945123841467195,0.012916692500051669,0.4162161988864351,0.4385841298011587,68.85841298011587,True,True,True
10,0.04,0.0025,0.006,0.0028666666666666662,65.0,0.8772735851881902,0.0013106399999999999,0.036963038502048046,0.011341486097606341,0.012916692500051669,0.4162161988864351,0.44047437748409307,69.04743774840931,True,True,True
10,0.04,0.003,0.003,0.002311111111111111,65.0,0.8940511260024171,0.00105664,0.037390877760738225,0.0056707430488031705,0.012916692500051669,0.41145371026218025,0.4300411458110351,68.00411458110351,True,True,True
10,0.04,0.003,0.004,0.002311111111111111,65.0,0.8940511260024171,0.00105664,0.037390877760738225,0.00756099073173756,0.012916692500051669,0.41145371026218025,0.4319313934939695,68.19313934939694,True,True,True
10,0.04,0.003,0.005,0.002311111111111111,65.0,0.8940511260024171,0.00105664,0.037390877760738225,0.00945123841467195,0.012916692500051669,0.41145371026218025,0.43382164117690386,68.3821641176904,True,True,True
10,0.04,0.003,0.006,0.002311111111111111,65.0,0.8940511260024171,0.00105664,0.037390877760738225,0.011341486097606341,0.012916692500051669,0.41145371026218025,0.43571188885983825,68.57118888598382,True,True,True
10,0.045,0.001,0.003,0.004533333333333333,65.0,0.7124808841793205,0.0020726399999999997,0.03464726602467853,0.0056707430488031705,0.012916692500051669,0.44403547955723954,0.4626229151060944,71.26229151060943,False,False,True
10,0.045,0.001,0.004,0.004533333333333333,65.0,0.7124808841793205,0.0020726399999999997,0.03464726602467853,0.00756099073173756,0.012916692500051669,0.44403547955723954,0.46451316278902877,71.45131627890288,False,False,True
10,0.045,0.001,0.005,0.004533333333333333,65.0,0.7124808841793205,0.0020726399999999997,0.03464726602467853,0.00945123841467195,0.012916692500051669,0.44403547955723954,0.46640341047196315,71.64034104719632,False,False,True
10,0.045,0.001,0.006,0.004533333333333333,65.0,0.7124808841793205,0.0020726399999999997,0.03464726602467853,0.011341486097606341,0.012916692500051669,0.44403547955723954,0.46829365815489754,71.82936581548975,False,False,True
10,0.045,0.0015,0.003,0.003977777777777778,65.0,0.7819191519258898,0.0018186399999999998,0.03756798362605168,0.0056707430488031705,0.012916692500051669,0.4095140036727139,0.42810143922156874,67.81014392215687,True,True,True
10,0.045,0.0015,0.004,0.003977777777777778,65.0,0.7819191519258898,0.0018186399999999998,0.03756798362605168,0.00756099073173756,0.012916692500051669,0.4095140036727139,0.4299916869045031,67.99916869045032,True,True,True
10,0.045,0.0015,0.005,0.003977777777777778,65.0,0.7819191519258898,0.0018186399999999998,0.03756798362605168,0.00945123841467195,0.012916692500051669,0.4095140036727139,0.4318819345874375,68.18819345874375,True,True,True
10,0.045,0.0015,0.006,0.003977777777777778,65.0,0.7819191519258898,0.0018186399999999998,0.03756798362605168,0.011341486097606341,0.012916692500051669,0.4095140036727139,0.4337721822703719,68.37721822703719,True,True,True
10,0.045,0.002,0.003,0.003422222222222222,65.0,0.823561691057948,0.00156464,0.039217880515169376,0.0056707430488031705,0.012916692500051669,0.3922857426898594,0.4108731782387142,66.08731782387142,True,True,True
10,0.045,0.002,0.004,0.003422222222222222,65.0,0.823561691057948,0.00156464,0.039217880515169376,0.00756099073173756,0.012916692500051669,0.3922857426898594,0.4127634259216486,66.27634259216487,True,True,True
10,0.045,0.002,0.005,0.003422222222222222,65.0,0.823561691057948,0.00156464,0.039217880515169376,0.00945123841467195,0.012916692500051669,0.3922857426898594,0.414653673604583,66.4653673604583,True,True,True
10,0.045,0.002,0.006,0.003422222222222222,65.0,0.823561691057948,0.00156464,0.039217880515169376,0.011341486097606341,0.012916692500051669,0.3922857426898594,0.4165439212875174,66.65439212875174,True,True,True
10,0.045,0.0025,0.003,0.0028666666666666662,65.0,0.8513230927470943,0.0013106399999999999,0.04023313180039715,0.0056707430488031705,0.012916692500051669,0.3823867219917372,0.400974157540592,65.0974157540592,True,True,True
10,0.045,0.0025,0.004,0.0028666666666666662,65.0,0.8513230927470943,0.0013106399999999999,0.04023313180039715,0.00756099073173756,0.012916692500051669,0.3823867219917372,0.4028644052235264,65.28644052235265,True,True,True
10,0.045,0.0025,0.005,0.0028666666666666662,65.0,0.8513230927470943,0.0013106399999999999,0.04023313180039715,0.00945123841467195,0.012916692500051669,0.3823867219917372,0.4047546529064608,65.47546529064607,True,True,True
10,0.045,0.0025,0.006,0.0028666666666666662,65.0,0.8513230927470943,0.0013106399999999999,0.04023313180039715,0.011341486097606341,0.012916692500051669,0.3823867219917372,0.4066449005893952,65.66449005893952,True,True,True
10,0.045,0.003,0.003,0.002311111111111111,65.0,0.8711525473689028,0.00105664,0.04088573446570623,0.0056707430488031705,0.012916692500051669,0.3762832094289404,0.3948706449777952,64.48706449777953,True,True,True
10,0.045,0.003,0.004,0.002311111111111111,65.0,0.8711525473689028,0.00105664,0.04088573446570623,0.00756099073173756,0.012916692500051669,0.3762832094289404,0.3967608926607296,64.67608926607296,True,True,True
10,0.045,0.003,0.005,0.002311111111111111,65.0,0.8711525473689028,0.00105664,0.04088573446570623,0.00945123841467195,0.012916692500051669,0.3762832094289404,0.398651140343664,64.8651140343664,True,True,True
10,0.045,0.003,0.006,0.002311111111111111,65.0,0.8711525473689028,0.00105664,0.04088573446570623,0.011341486097606341,0.012916692500051669,0.3762832094289404,0.4005413880265984,65.05413880265984,True,True,True
10,0.05,0.001,0.003,0.004533333333333333,65.0,0.671743357372989,0.0020726399999999997,0.03619720255454784,0.0056707430488031705,0.012916692500051669,0.4250222199196565,0.44360965546851133,69.36096554685113,True,True,True
10,0.05,0.001,0.004,0.004533333333333333,65.0,0.671743357372989,0.0020726399999999997,0.03619720255454784,0.00756099073173756,0.012916692500051669,0.4250222199196565,0.4454999031514457,69.54999031514457,True,True,True
10,0.05,0.001,0.005,0.004533333333333333,65.0,0.671743357372989,0.0020726399999999997,0.03619720255454784,0.00945123841467195,0.012916692500051669,0.4250222199196565,0.4473901508343801,69.739015083438,True,True,True
10,0.05,0.001,0.006,0.004533333333333333,65.0,0.671743357372989,0.0020726399999999997,0.03619720255454784,0.011341486097606341,0.012916692500051669,0.4250222199196565,0.4492803985173145,69.92803985173146,True,True,True
10,0.05,0.0015,0.003,0.003977777777777778,65.0,0.7467873748635436,0.0018186399999999998,0.03975543864306802,0.0056707430488031705,0.012916692500051669,0.3869814020351133,0.4055688375839681,65.55688375839681,True,True,True
10,0.05,0.0015,0.004,0.003977777777777778,65.0,0.7467873748635436,0.0018186399999999998,0.03975543864306802,0.00756099073173756,0.012916692500051669,0.3869814020351133,0.4074590852669025,65.74590852669024,True,True,True
10,0.05,0.0015,0.005,0.003977777777777778,65.0,0.7467873748635436,0.0018186399999999998,0.03975543864306802,0.00945123841467195,0.012916692500051669,0.3869814020351133,0.4093493329498369,65.9349332949837,True,True,True
10,0.05,0.0015,0.006,0.003977777777777778,65.0,0.7467873748635436,0.0018186399999999998,0.03975543864306802,0.011341486097606341,0.012916692500051669,0.3869814020351133,0.4112395806327713,66.12395806327713,True,True,True
10,0.05,0.002,0.003,0.003422222222222222,65.0,0.7930937892739091,0.00156464,0.04185380449511458,0.0056707430488031705,0.012916692500051669,0.3675798549307785,0.38616729047963333,63.61672904796333,True,True,True
10,0.05,0.002,0.004,0.003422222222222222,65.0,0.7930937892739091,0.00156464,0.04185380449511458,0.00756099073173756,0.012916692500051669,0.3675798549307785,0.3880575381625677,63.80575381625677,True,True,True
10,0.05,0.002,0.005,0.003422222222222222,65.0,0.7930937892739091,0.00156464,0.04185380449511458,0.00945123841467195,0.012916692500051669,0.3675798549307785,0.3899477858455021,63.99477858455021,True,True,True
10,0.05,0.002,0.006,0.003422222222222222,65.0,0.7930937892739091,0.00156464,0.04185380449511458,0.011341486097606341,0.012916692500051669,0.3675798549307785,0.3918380335284365,64.18380335284365,True,True,True
10,0.05,0.0025,0.003,0.0028666666666666662,65.0,0.824534201842774,0.0013106399999999999,0.04319697745361293,0.0056707430488031705,0.012916692500051669,0.3561502746606786,0.37473771020953345,62.47377102095334,True,True,True
10,0.05,0.0025,0.004,0.0028666666666666662,65.0,0.824534201842774,0.0013106399999999999,0.04319697745361293,0.00756099073173756,0.012916692500051669,0.3561502746606786,0.37662795789246784,62.662795789246786,True,True,True
10,0.05,0.0025,0.005,0.0028666666666666662,65.0,0.824534201842774,0.0013106399999999999,0.04319697745361293,0.00945123841467195,0.012916692500051669,0.3561502746606786,0.3785182055754022,62.85182055754022,True,True,True
10,0.05,0.0025,0.006,0.0028666666666666662,65.0,0.824534201842774,0.0013106399999999999,0.04319697745361293,0.011341486097606341,0.012916692500051669,0.3561502746606786,0.3804084532583366,63.04084532583366,True,True,True
10,0.05,0.003,0.003,0.002311111111111111,65.0,0.8472797131485227,0.00105664,0.044098449427944955,0.0056707430488031705,0.012916692500051669,0.34886975810233894,0.3674571936511938,61.74571936511938,True,True,True
10,0.05,0.003,0.004,0.002311111111111111,65.0,0.8472797131485227,0.00105664,0.044098449427944955,0.00756099073173756,0.012916692500051669,0.34886975810233894,0.36934744133412817,61.93474413341281,True,True,True
10,0.05,0.003,0.005,0.002311111111111111,65.0,0.8472797131485227,0.00105664,0.044098449427944955,0.00945123841467195,0.012916692500051669,0.34886975810233894,0.37123768901706256,62.123768901706256,True,True,True
10,0.05,0.003,0.006,0.002311111111111111,65.0,0.8472797131485227,0.00105664,0.044098449427944955,0.011341486097606341,0.012916692500051669,0.34886975810233894,0.37312793669999694,62.31279366999969,True,True,True
11,0.015,0.001,0.003,0.00398,65.0,0.9521305776014142,0.00202184,0.017983357002910108,0.0056707430488031705,0.012916692500051669,0.8554918518342159,0.8740792873830708,112.40792873830708,False,False,False
11,0.015,0.001,0.004,0.00398,65.0,0.9521305776014142,0.00202184,0.017983357002910108,0.00756099073173756,0.012916692500051669,0.8554918518342159,0.8759695350660052,112.59695350660051,False,False,False
11,0.015,0.001,0.005,0.00398,65.0,0.9521305776014142,0.00202184,0.017983357002910108,0.00945123841467195,0.012916692500051669,0.8554918518342159,0.8778597827489396,112.78597827489396,False,False,False
11,0.015,0.001,0.006,0.00398,65.0,0.9521305776014142,0.00202184,0.017983357002910108,0.011341486097606341,0.012916692500051669,0.8554918518342159,0.8797500304318739,112.9750030431874,False,False,False
11,0.015,0.0015,0.003,0.00343,65.0,0.9664493904943342,0.00174244,0.01794399758224702,0.0056707430488031705,0.012916692500051669,0.8573683380249798,0.8759557735738347,112.59557735738348,False,False,False
11,0.015,0.0015,0.004,0.00343,65.0,0.9664493904943342,0.00174244,0.01794399758224702,0.00756099073173756,0.012916692500051669,0.8573683380249798,0.877846021256769,112.7846021256769,False,False,False
11,0.015,0.0015,0.005,0.00343,65.0,0.9664493904943342,0.00174244,0.01794399758224702,0.00945123841467195,0.012916692500051669,0.8573683380249798,0.8797362689397035,112.97362689397035,False,False,False
11,0.015,0.0015,0.006,0.00343,65.0,0.9664493904943342,0.00174244,0.01794399758224702,0.011341486097606341,0.012916692500051669,0.8573683380249798,0.8816265166226378,113.16265166226378,False,False,False
11,0.015,0.002,0.003,0.0028799999999999997,65.0,0.9737936375715175,0.00146304,0.01778771654024892,0.0056707430488031705,0.012916692500051669,0.8649010877705438,0.8834885233193986,113.34885233193987,False,False,False
11,0.015,0.002,0.004,0.0028799999999999997,65.0,0.9737936375715175,0.00146304,0.01778771654024892,0.00756099073173756,0.012916692500051669,0.8649010877705438,0.885378771002333,113.5378771002333,False,False,False
11,0.015,0.002,0.005,0.0028799999999999997,65.0,0.9737936375715175,0.00146304,0.01778771654024892,0.00945123841467195,0.012916692500051669,0.8649010877705438,0.8872690186852674,113.72690186852674,False,False,False
11,0.015,0.002,0.006,0.0028799999999999997,65.0,0.9737936375715175,0.00146304,0.01778771654024892,0.011341486097606341,0.012916692500051669,0.8649010877705438,0.8891592663682018,113.91592663682017,False,False,False
11,0.015,0.0025,0.003,0.0023299999999999996,65.0,0.9782551809929797,0.00118364,0.017583109854166314,0.0056707430488031705,0.012916692500051669,0.8749655500201521,0.893552985569007,114.35529855690069,False,False,False
11,0.015,0.0025,0.004,0.0023299999999999996,65.0,0.9782551809929797,0.00118364,0.017583109854166314,0.00756099073173756,0.012916692500051669,0.8749655500201521,0.8954432332519413,114.54432332519413,False,False,False
11,0.015,0.0025,0.005,0.0023299999999999996,65.0,0.9782551809929797,0.00118364,0.017583109854166314,0.00945123841467195,0.012916692500051669,0.8749655500201521,0.8973334809348757,114.73334809348758,False,False,False
11,0.015,0.0025,0.006,0.0023299999999999996,65.0,0.9782551809929797,0.00118364,0.017583109854166314,0.011341486097606341,0.012916692500051669,0.8749655500201521,0.8992237286178101,114.92237286178101,False,False,False
11,0.02,0.001,0.003,0.00398,65.0,0.9197143797280146,0.00202184,0.022579295815680585,0.0056707430488031705,0.012916692500051669,0.6813593971310332,0.6999468326798881,94.9946832679888,False,False,False
11,0.02,0.001,0.004,0.00398,65.0,0.9197143797280146,0.00202184,0.022579295815680585,0.00756099073173756,0.012916692500051669,0.6813593971310332,0.7018370803628224,95.18370803628224,False,False,False
11,0.02,0.001,0.005,0.00398,65.0,0.9197143797280146,0.00202184,0.022579295815680585,0.00945123841467195,0.012916692500051669,0.6813593971310332,0.7037273280457569,95.37273280457569,False,False,False
11,0.02,0.001,0.006,0.00398,65.0,0.9197143797280146,0.00202184,0.022579295815680585,0.011341486097606341,0.012916692500051669,0.6813593971310332,0.7056175757286912,95.56175757286913,False,False,False
11,0.02,0.0015,0.003,0.00343,65.0,0.9434392081705744,0.00174244,0.02283019318102868,0.0056707430488031705,0.012916692500051669,0.673871450084777,0.6924588856336319,94.2458885633632,False,False,False
11,0.02,0.0015,0.004,0.00343,65.0,0.9434392081705744,0.00174244,0.02283019318102868,0.00756099073173756,0.012916692500051669,0.673871450084777,0.6943491333165662,94.43491333165662,False,False,False
11,0.02,0.0015,0.005,0.00343,65.0,0.9434392081705744,0.00174244,0.02283019318102868,0.00945123841467195,0.012916692500051669,0.673871450084777,0.6962393809995007,94.62393809995007,False,False,False
11,0.02,0.0015,0.006,0.00343,65.0,0.9434392081705744,0.00174244,0.02283019318102868,0.011341486097606341,0.012916692500051669,0.673871450084777,0.698129628682435,94.8129628682435,False,False,False
11,0.02,0.002,0.003,0.0028799999999999997,65.0,0.9558575714763853,0.00146304,0.022828368437640162,0.0056707430488031705,0.012916692500051669,0.6739253147521803,0.6925127503010352,94.25127503010351,False,False,False
11,0.02,0.002,0.004,0.0028799999999999997,65.0,0.9558575714763853,0.00146304,0.022828368437640162,0.00756099073173756,0.012916692500051669,0.6739253147521803,0.6944029979839695,94.44029979839695,False,False,False
11,0.02,0.002,0.005,0.0028799999999999997,65.0,0.9558575714763853,0.00146304,0.022828368437640162,0.00945123841467195,0.012916692500051669,0.6739253147521803,0.696293245666904,94.6293245666904,False,False,False
11,0.02,0.002,0.006,0.0028799999999999997,65.0,0.9558575714763853,0.00146304,0.022828368437640162,0.011341486097606341,0.012916692500051669,0.6739253147521803,0.6981834933498383,94.81834933498384,False,False,False
11,0.02,0.0025,0.003,0.0023299999999999996,65.0,0.9634909363694191,0.00118364,0.022719589409729256,0.0056707430488031705,0.012916692500051669,0.6771519989717419,0.6957394345205968,94.57394345205968,False,False,False
11,0.02,0.0025,0.004,0.0023299999999999996,65.0,0.9634909363694191,0.00118364,0.022719589409729256,0.00756099073173756,0.012916692500051669,0.6771519989717419,0.6976296822035312,94.76296822035312,False,False,False
11,0.02,0.0025,0.005,0.0023299999999999996,65.0,0.9634909363694191,0.00118364,0.022719589409729256,0.00945123841467195,0.012916692500051669,0.6771519989717419,0.6995199298864656,94.95199298864657,False,False,False
11,0.02,0.0025,0.006,0.0023299999999999996,65.0,0.9634909363694191,0.00118364,0.022719589409729256,0.011341486097606341,0.012916692500051669,0.6771519989717419,0.7014101775693999,95.14101775693999,False,False,False
11,0.025,0.001,0.003,0.00398,65.0,0.8819779692405005,0.00202184,0.026664304460579588,0.0056707430488031705,0.012916692500051669,0.5769741868706887,0.5955616224195436,84.55616224195435,False,False,True
11,0.025,0.001,0.004,0.00398,65.0,0.8819779692405005,0.00202184,0.026664304460579588,0.00756099073173756,0.012916692500051669,0.5769741868706887,0.5974518701024779,84.74518701024779,False,False,True
11,0.025,0.001,0.005,0.00398,65.0,0.8819779692405005,0.00202184,0.026664304460579588,0.00945123841467195,0.012916692500051669,0.5769741868706887,0.5993421177854124,84.93421177854123,False,False,True
11,0.025,0.001,0.006,0.00398,65.0,0.8819779692405005,0.00202184,0.026664304460579588,0.011341486097606341,0.012916692500051669,0.5769741868706887,0.6012323654683467,85.12323654683468,False,False,False
11,0.025,0.0015,0.003,0.00343,65.0,0.9159699652839537,0.00174244,0.02733464083003367,0.0056707430488031705,0.012916692500051669,0.5628248594988556,0.5814122950477105,83.14122950477105,False,False,True
11,0.025,0.0015,0.004,0.00343,65.0,0.9159699652839537,0.00174244,0.02733464083003367,0.00756099073173756,0.012916692500051669,0.5628248594988556,0.5833025427306449,83.33025427306448,False,False,True
11,0.025,0.0015,0.005,0.00343,65.0,0.9159699652839537,0.00174244,0.02733464083003367,0.00945123841467195,0.012916692500051669,0.5628248594988556,0.5851927904135793,83.51927904135793,False,False,True
11,0.025,0.0015,0.006,0.00343,65.0,0.9159699652839537,0.00174244,0.02733464083003367,0.011341486097606341,0.012916692500051669,0.5628248594988556,0.5870830380965136,83.70830380965137,False,False,True
11,0.025,0.002,0.003,0.0028799999999999997,65.0,0.9341895077066656,0.00146304,0.02756429484532424,0.0056707430488031705,0.012916692500051669,0.5581356414501237,0.5767230769989786,82.67230769989786,False,False,True
11,0.025,0.002,0.004,0.0028799999999999997,65.0,0.9341895077066656,0.00146304,0.02756429484532424,0.00756099073173756,0.012916692500051669,0.5581356414501237,0.578613324681913,82.86133246819129,False,False,True
11,0.025,0.002,0.005,0.0028799999999999997,65.0,0.9341895077066656,0.00146304,0.02756429484532424,0.00945123841467195,0.012916692500051669,0.5581356414501237,0.5805035723648474,83.05035723648474,False,False,True
11,0.025,0.002,0.006,0.0028799999999999997,65.0,0.9341895077066656,0.00146304,0.02756429484532424,0.011341486097606341,0.012916692500051669,0.5581356414501237,0.5823938200477817,83.23938200477818,False,False,True
11,0.025,0.0025,0.003,0.0023299999999999996,65.0,0.9455420667973452,0.00118364,0.027602085346317827,0.0056707430488031705,0.012916692500051669,0.5573714881172093,0.5759589236660642,82.59589236660642,False,False,True
11,0.025,0.0025,0.004,0.0023299999999999996,65.0,0.9455420667973452,0.00118364,0.027602085346317827,0.00756099073173756,0.012916692500051669,0.5573714881172093,0.5778491713489985,82.78491713489984,False,False,True
11,0.025,0.0025,0.005,0.0023299999999999996,65.0,0.9455420667973452,0.00118364,0.027602085346317827,0.00945123841467195,0.012916692500051669,0.5573714881172093,0.5797394190319329,82.97394190319329,False,False,True
11,0.025,0.0025,0.006,0.0023299999999999996,65.0,0.9455420667973452,0.00118364,0.027602085346317827,0.011341486097606341,0.012916692500051669,0.5573714881172093,0.5816296667148673,83.16296667148673,False,False,True
11,0.03,0.001,0.003,0.00398,65.0,0.8408200080996091,0.00202184,0.030212853231563697,0.0056707430488031705,0.012916692500051669,0.5092076298355995,0.5277950653844544,77.77950653844545,False,False,True
11,0.03,0.001,0.004,0.00398,65.0,0.8408200080996091,0.00202184,0.030212853231563697,0.00756099073173756,0.012916692500051669,0.5092076298355995,0.5296853130673888,77.96853130673887,False,False,True
11,0.03,0.001,0.005,0.00398,65.0,0.8408200080996091,0.00202184,0.030212853231563697,0.00945123841467195,0.012916692500051669,0.5092076298355995,0.5315755607503232,78.15755607503232,False,False,True
11,0.03,0.001,0.006,0.00398,65.0,0.8408200080996091,0.00202184,0.030212853231563697,0.011341486097606341,0.012916692500051669,0.5092076298355995,0.5334658084332575,78.34658084332575,False,False,True
11,0.03,0.0015,0.003,0.00343,65.0,0.8850897777499326,0.00174244,0.03141773006839974,0.0056707430488031705,0.012916692500051669,0.4896794055815439,0.5082668411303988,75.82668411303987,False,False,True
11,0.03,0.0015,0.004,0.00343,65.0,0.8850897777499326,0.00174244,0.03141773006839974,0.00756099073173756,0.012916692500051669,0.4896794055815439,0.5101570888133331,76.01570888133331,False,False,True
11,0.03,0.0015,0.005,0.00343,65.0,0.8850897777499326,0.00174244,0.03141773006839974,0.00945123841467195,0.012916692500051669,0.4896794055815439,0.5120473364962675,76.20473364962675,False,False,True
11,0.03,0.0015,0.006,0.00343,65.0,0.8850897777499326,0.00174244,0.03141773006839974,0.011341486097606341,0.012916692500051669,0.4896794055815439,0.5139375841792019,76.3937584179202,False,False,True
11,0.03,0.002,0.003,0.0028799999999999997,65.0,0.9094514203812132,0.00146304,0.03195512722254132,0.0056707430488031705,0.012916692500051669,0.4814443478029089,0.5000317833517638,75.00317833517639,False,False,True
11,0.03,0.002,0.004,0.0028799999999999997,65.0,0.9094514203812132,0.00146304,0.03195512722254132,0.00756099073173756,0.012916692500051669,0.4814443478029089,0.5019220310346981,75.19220310346981,False,False,True
11,0.03,0.002,0.005,0.0028799999999999997,65.0,0.9094514203812132,0.00146304,0.03195512722254132,0.00945123841467195,0.012916692500051669,0.4814443478029089,0.5038122787176326,75.38122787176326,False,False,True
11,0.03,0.002,0.006,0.0028799999999999997,65.0,0.9094514203812132,0.00146304,0.03195512722254132,0.011341486097606341,0.012916692500051669,0.4814443478029089,0.5057025264005669,75.57025264005668,False,False,True
11,0.03,0.0025,0.003,0.0023299999999999996,65.0,0.9248649586232254,0.00118364,0.032192512332719504,0.0056707430488031705,0.012916692500051669,0.47789421420765976,0.4964816497565146,74.64816497565147,False,False,True
11,0.03,0.0025,0.004,0.0023299999999999996,65.0,0.9248649586232254,0.00118364,0.032192512332719504,0.00756099073173756,0.012916692500051669,0.47789421420765976,0.498371897439449,74.83718974394489,False,False,True
11,0.03,0.0025,0.005,0.0023299999999999996,65.0,0.9248649586232254,0.00118364,0.032192512332719504,0.00945123841467195,0.012916692500051669,0.47789421420765976,0.5002621451223834,75.02621451223834,False,False,True
11,0.03,0.0025,0.006,0.0023299999999999996,65.0,0.9248649586232254,0.00118364,0.032192512332719504,0.011341486097606341,0.012916692500051669,0.47789421420765976,0.5021523928053178,75.21523928053178,False,False,True
11,0.035,0.001,0.003,0.00398,65.0,0.7979562629595071,0.00202184,0.033234697181924074,0.0056707430488031705,0.012916692500051669,0.4629082461742086,0.48149568172306345,73.14956817230635,False,False,True
11,0.035,0.001,0.004,0.00398,65.0,0.7979562629595071,0.00202184,0.033234697181924074,0.00756099073173756,0.012916692500051669,0.4629082461742086,0.48338592940599784,73.33859294059978,False,False,True
11,0.035,0.001,0.005,0.00398,65.0,0.7979562629595071,0.00202184,0.033234697181924074,0.00945123841467195,0.012916692500051669,0.4629082461742086,0.4852761770889322,73.52761770889322,False,False,True
11,0.035,0.001,0.006,0.00398,65.0,0.7979562629595071,0.00202184,0.033234697181924074,0.011341486097606341,0.012916692500051669,0.4629082461742086,0.4871664247718666,73.71664247718667,False,False,True
11,0.035,0.0015,0.003,0.00343,65.0,0.8518355920853805,0.00174244,0.03506284102001174,0.0056707430488031705,0.012916692500051669,0.438772641835691,0.4573600773845458,70.73600773845459,False,False,True
11,0.035,0.0015,0.004,0.00343,65.0,0.8518355920853805,0.00174244,0.03506284102001174,0.00756099073173756,0.012916692500051669,0.438772641835691,0.4592503250674802,70.92503250674801,False,False,True
11,0.035,0.0015,0.005,0.00343,65.0,0.8518355920853805,0.00174244,0.03506284102001174,0.00945123841467195,0.012916692500051669,0.438772641835691,0.4611405727504146,71.11405727504146,False,False,True
11,0.035,0.0015,0.006,0.00343,65.0,0.8518355920853805,0.00174244,0.03506284102001174,0.011341486097606341,0.012916692500051669,0.438772641835691,0.463030820433349,71.3030820433349,False,False,True
11,0.035,0.002,0.003,0.0028799999999999997,65.0,0.8823289044669683,0.00146304,0.035976217427129926,0.0056707430488031705,0.012916692500051669,0.4276329332225387,0.44622036877139354,69.62203687713935,True,True,True
11,0.035,0.002,0.004,0.0028799999999999997,65.0,0.8823289044669683,0.00146304,0.035976217427129926,0.00756099073173756,0.012916692500051669,0.4276329332225387,0.4481106164543279,69.8110616454328,True,True,True
11,0.035,0.002,0.005,0.0028799999999999997,65.0,0.8823289044669683,0.00146304,0.035976217427129926,0.00945123841467195,0.012916692500051669,0.4276329332225387,0.4500008641372623,70.00008641372622,False,False,True
11,0.035,0.002,0.006,0.0028799999999999997,65.0,0.8823289044669683,0.00146304,0.035976217427129926,0.011341486097606341,0.012916692500051669,0.4276329332225387,0.4518911118201967,70.18911118201967,False,False,True
11,0.035,0.0025,0.003,0.0023299999999999996,65.0,0.9019453788471857,0.00118364,0.036464135438986515,0.0056707430488031705,0.012916692500051669,0.42191087761720386,0.4404983131660587,69.04983131660586,True,True,True
11,0.035,0.0025,0.004,0.0023299999999999996,65.0,0.9019453788471857,0.00118364,0.036464135438986515,0.00756099073173756,0.012916692500051669,0.42191087761720386,0.4423885608489931,69.23885608489931,True,True,True
11,0.035,0.0025,0.005,0.0023299999999999996,65.0,0.9019453788471857,0.00118364,0.036464135438986515,0.00945123841467195,0.012916692500051669,0.42191087761720386,0.44427880853192747,69.42788085319275,True,True,True
11,0.035,0.0025,0.006,0.0023299999999999996,65.0,0.9019453788471857,0.00118364,0.036464135438986515,0.011341486097606341,0.012916692500051669,0.42191087761720386,0.44616905621486186,69.61690562148618,True,True,True
11,0.04,0.001,0.003,0.00398,65.0,0.7548114374884926,0.00202184,0.03576493050148557,0.0056707430488031705,0.012916692500051669,0.43015924171798275,0.4487466772668376,69.87466772668375,True,True,True
11,0.04,0.001,0.004,0.00398,65.0,0.7548114374884926,0.00202184,0.03576493050148557,0.00756099073173756,0.012916692500051669,0.43015924171798275,0.450636924949772,70.0636924949772,False,False,True
11,0.04,0.001,0.005,0.00398,65.0,0.7548114374884926,0.00202184,0.03576493050148557,0.00945123841467195,0.012916692500051669,0.43015924171798275,0.45252717263270636,70.25271726327064,False,False,True
11,0.04,0.001,0.006,0.00398,65.0,0.7548114374884926,0.00202184,0.03576493050148557,0.011341486097606341,0.012916692500051669,0.43015924171798275,0.45441742031564075,70.44174203156408,False,False,True
11,0.04,0.0015,0.003,0.00343,65.0,0.8171663578956474,0.00174244,0.03827304486336702,0.0056707430488031705,0.012916692500051669,0.40196998800429234,0.4205574235531472,67.05574235531472,True,True,True
11,0.04,0.0015,0.004,0.00343,65.0,0.8171663578956474,0.00174244,0.03827304486336702,0.00756099073173756,0.012916692500051669,0.40196998800429234,0.42244767123608157,67.24476712360816,True,True,True
11,0.04,0.0015,0.005,0.00343,65.0,0.8171663578956474,0.00174244,0.03827304486336702,0.00945123841467195,0.012916692500051669,0.40196998800429234,0.42433791891901596,67.43379189190159,True,True,True
11,0.04,0.0015,0.006,0.00343,65.0,0.8171663578956474,0.00174244,0.03827304486336702,0.011341486097606341,0.012916692500051669,0.40196998800429234,0.42622816660195034,67.62281666019504,True,True,True
11,0.04,0.002,0.003,0.0028799999999999997,65.0,0.8534914981291505,0.00146304,0.03961752393236554,0.0056707430488031705,0.012916692500051669,0.3883285439766446,0.40691597952549946,65.69159795254996,True,True,True
11,0.04,0.002,0.004,0.0028799999999999997,65.0,0.8534914981291505,0.00146304,0.03961752393236554,0.00756099073173756,0.012916692500051669,0.3883285439766446,0.40880622720843385,65.88062272084338,True,True,True
11,0.04,0.002,0.005,0.0028799999999999997,65.0,0.8534914981291505,0.00146304,0.03961752393236554,0.00945123841467195,0.012916692500051669,0.3883285439766446,0.41069647489136824,66.06964748913683,True,True,True
11,0.04,0.002,0.006,0.0028799999999999997,65.0,0.8534914981291505,0.00146304,0.03961752393236554,0.011341486097606341,0.012916692500051669,0.3883285439766446,0.4125867225743026,66.25867225743026,True,True,True
11,0.04,0.0025,0.003,0.0023299999999999996,65.0,0.8772735851881902,0.00118364,0.04040127835225286,0.0056707430488031705,0.012916692500051669,0.38079526223104043,0.39938269777989527,64.93826977798952,True,True,True
11,0.04,0.0025,0.004,0.0023299999999999996,65.0,0.8772735851881902,0.00118364,0.04040127835225286,0.00756099073173756,0.012916692500051669,0.38079526223104043,0.40127294546282966,65.12729454628297,True,True,True
11,0.04,0.0025,0.005,0.0023299999999999996,65.0,0.8772735851881902,0.00118364,0.04040127835225286,0.00945123841467195,0.012916692500051669,0.38079526223104043,0.40316319314576404,65.3163193145764,True,True,True
11,0.04,0.0025,0.006,0.0023299999999999996,65.0,0.8772735851881902,0.00118364,0.04040127835225286,0.011341486097606341,0.012916692500051669,0.38079526223104043,0.40505344082869843,65.50534408286984,True,True,True
11,0.045,0.001,0.003,0.00398,65.0,0.7124808841793205,0.00202184,0.037853928627146385,0.0056707430488031705,0.012916692500051669,0.4064205735724491,0.42500800912130393,67.50080091213039,True,True,True
11,0.045,0.001,0.004,0.00398,65.0,0.7124808841793205,0.00202184,0.037853928627146385,0.00756099073173756,0.012916692500051669,0.4064205735724491,0.4268982568042383,67.68982568042384,True,True,True
11,0.045,0.001,0.005,0.00398,65.0,0.7124808841793205,0.00202184,0.037853928627146385,0.00945123841467195,0.012916692500051669,0.4064205735724491,0.4287885044871727,67.87885044871727,True,True,True
11,0.045,0.001,0.006,0.00398,65.0,0.7124808841793205,0.00202184,0.037853928627146385,0.011341486097606341,0.012916692500051669,0.4064205735724491,0.4306787521701071,68.06787521701071,True,True,True
11,0.045,0.0015,0.003,0.00343,65.0,0.7819191519258898,0.00174244,0.041066717988656846,0.0056707430488031705,0.012916692500051669,0.3746249064477179,0.39321234199657273,64.32123419965728,True,True,True
11,0.045,0.0015,0.004,0.00343,65.0,0.7819191519258898,0.00174244,0.041066717988656846,0.00756099073173756,0.012916692500051669,0.3746249064477179,0.3951025896795071,64.5102589679507,True,True,True
11,0.045,0.0015,0.005,0.00343,65.0,0.7819191519258898,0.00174244,0.041066717988656846,0.00945123841467195,0.012916692500051669,0.3746249064477179,0.3969928373624415,64.69928373624415,True,True,True
11,0.045,0.0015,0.006,0.00343,65.0,0.7819191519258898,0.00174244,0.041066717988656846,0.011341486097606341,0.012916692500051669,0.3746249064477179,0.3988830850453759,64.88830850453759,True,True,True
11,0.045,0.002,0.003,0.0028799999999999997,65.0,0.823561691057948,0.00146304,0.04288160456668631,0.0056707430488031705,0.012916692500051669,0.35876958290332545,0.3773570184521803,62.73570184521803,True,True,True
11,0.045,0.002,0.004,0.0028799999999999997,65.0,0.823561691057948,0.00146304,0.04288160456668631,0.00756099073173756,0.012916692500051669,0.35876958290332545,0.37924726613511467,62.92472661351147,True,True,True
11,0.045,0.002,0.005,0.0028799999999999997,65.0,0.823561691057948,0.00146304,0.04288160456668631,0.00945123841467195,0.012916692500051669,0.35876958290332545,0.38113751381804906,63.1137513818049,True,True,True
11,0.045,0.002,0.006,0.0028799999999999997,65.0,0.823561691057948,0.00146304,0.04288160456668631,0.011341486097606341,0.012916692500051669,0.35876958290332545,0.38302776150098344,63.302776150098346,True,True,True
11,0.045,0.0025,0.003,0.0023299999999999996,65.0,0.8513230927470943,0.00118364,0.04399838098043686,0.0056707430488031705,0.012916692500051669,0.3496632158227798,0.36825065137163465,61.82506513716346,True,True,True
11,0.045,0.0025,0.004,0.0023299999999999996,65.0,0.8513230927470943,0.00118364,0.04399838098043686,0.00756099073173756,0.012916692500051669,0.3496632158227798,0.37014089905456904,62.014089905456906,True,True,True
11,0.045,0.0025,0.005,0.0023299999999999996,65.0,0.8513230927470943,0.00118364,0.04399838098043686,0.00945123841467195,0.012916692500051669,0.3496632158227798,0.3720311467375034,62.20311467375034,True,True,True
11,0.045,0.0025,0.006,0.0023299999999999996,65.0,0.8513230927470943,0.00118364,0.04399838098043686,0.011341486097606341,0.012916692500051669,0.3496632158227798,0.3739213944204378,62.392139442043785,True,True,True
11,0.05,0.001,0.003,0.00398,65.0,0.671743357372989,0.00202184,0.03955885881000262,0.0056707430488031705,0.012916692500051669,0.38890442867692937,0.4074918642257842,65.74918642257842,True,True,True
11,0.05,0.001,0.004,0.00398,65.0,0.671743357372989,0.00202184,0.03955885881000262,0.00756099073173756,0.012916692500051669,0.38890442867692937,0.4093821119087186,65.93821119087187,True,True,True
11,0.05,0.001,0.005,0.00398,65.0,0.671743357372989,0.00202184,0.03955885881000262,0.00945123841467195,0.012916692500051669,0.38890442867692937,0.411272359591653,66.12723595916529,True,True,True
11,0.05,0.001,0.006,0.00398,65.0,0.671743357372989,0.00202184,0.03955885881000262,0.011341486097606341,0.012916692500051669,0.38890442867692937,0.41316260727458737,66.31626072745874,True,True,True
11,0.05,0.0015,0.003,0.00343,65.0,0.7467873748635436,0.00174244,0.04347291850737482,0.0056707430488031705,0.012916692500051669,0.3538896377984264,0.37247707334728125,62.247707334728126,True,True,True
11,0.05,0.0015,0.004,0.00343,65.0,0.7467873748635436,0.00174244,0.04347291850737482,0.00756099073173756,0.012916692500051669,0.3538896377984264,0.37436732103021564,62.43673210302156,True,True,True
11,0.05,0.0015,0.005,0.00343,65.0,0.7467873748635436,0.00174244,0.04347291850737482,0.00945123841467195,0.012916692500051669,0.3538896377984264,0.37625756871315,62.625756871315005,True,True,True
11,0.05,0.0015,0.006,0.00343,65.0,0.7467873748635436,0.00174244,0.04347291850737482,0.011341486097606341,0.012916692500051669,0.3538896377984264,0.3781478163960844,62.81478163960844,True,True,True
11,0.05,0.002,0.003,0.0028799999999999997,65.0,0.7930937892739091,0.00146304,0.04578112094462604,0.0056707430488031705,0.012916692500051669,0.3360471536558409,0.35463458920469576,60.46345892046958,True,True,True
11,0.05,0.002,0.004,0.0028799999999999997,65.0,0.7930937892739091,0.00146304,0.04578112094462604,0.00756099073173756,0.012916692500051669,0.3360471536558409,0.35652483688763015,60.65248368876301,True,True,True
11,0.05,0.002,0.005,0.0028799999999999997,65.0,0.7930937892739091,0.00146304,0.04578112094462604,0.00945123841467195,0.012916692500051669,0.3360471536558409,0.35841508457056453,60.841508457056456,True,True,True
11,0.05,0.002,0.006,0.0028799999999999997,65.0,0.7930937892739091,0.00146304,0.04578112094462604,0.011341486097606341,0.012916692500051669,0.3360471536558409,0.3603053322534989,61.03053322534989,True,True,True
11,0.05,0.0025,0.003,0.0023299999999999996,65.0,0.824534201842774,0.00118364,0.04725861119897422,0.0056707430488031705,0.012916692500051669,0.32554099653587193,0.34412843208472677,59.41284320847268,True,True,True
11,0.05,0.0025,0.004,0.0023299999999999996,65.0,0.824534201842774,0.00118364,0.04725861119897422,0.00756099073173756,0.012916692500051669,0.32554099653587193,0.34601867976766115,59.601867976766115,True,True,True
11,0.05,0.0025,0.005,0.0023299999999999996,65.0,0.824534201842774,0.00118364,0.04725861119897422,0.00945123841467195,0.012916692500051669,0.32554099653587193,0.34790892745059554,59.79089274505955,True,True,True
11,0.05,0.0025,0.006,0.0023299999999999996,65.0,0.824534201842774,0.00118364,0.04725861119897422,0.011341486097606341,0.012916692500051669,0.32554099653587193,0.3497991751335299,59.979917513352994,True,True,True
12,0.015,0.001,0.003,0.0035272727272727274,65.0,0.9521305776014142,0.00197104,0.01938360400317466,0.0056707430488031705,0.012916692500051669,0.7936922040966005,0.8122796396454554,106.22796396454554,False,False,False
12,0.015,0.001,0.004,0.0035272727272727274,65.0,0.9521305776014142,0.00197104,0.01938360400317466,0.00756099073173756,0.012916692500051669,0.7936922040966005,0.8141698873283897,106.41698873283897,False,False,False
12,0.015,0.001,0.005,0.0035272727272727274,65.0,0.9521305776014142,0.00197104,0.01938360400317466,0.00945123841467195,0.012916692500051669,0.7936922040966005,0.8160601350113241,106.60601350113241,False,False,False
12,0.015,0.001,0.006,0.0035272727272727274,65.0,0.9521305776014142,0.00197104,0.01938360400317466,0.011341486097606341,0.012916692500051669,0.7936922040966005,0.8179503826942585,106.79503826942585,False,False,False
12,0.015,0.0015,0.003,0.0029818181818181814,65.0,0.9664493904943342,0.0016662399999999998,0.019340666453360383,0.0056707430488031705,0.012916692500051669,0.7954542529191052,0.8140416884679601,106.40416884679601,False,False,False
12,0.015,0.0015,0.004,0.0029818181818181814,65.0,0.9664493904943342,0.0016662399999999998,0.019340666453360383,0.00756099073173756,0.012916692500051669,0.7954542529191052,0.8159319361508944,106.59319361508945,False,False,False
12,0.015,0.0015,0.005,0.0029818181818181814,65.0,0.9664493904943342,0.0016662399999999998,0.019340666453360383,0.00945123841467195,0.012916692500051669,0.7954542529191052,0.8178221838338289,106.78221838338288,False,False,False
12,0.015,0.0015,0.006,0.0029818181818181814,65.0,0.9664493904943342,0.0016662399999999998,0.019340666453360383,0.011341486097606341,0.012916692500051669,0.7954542529191052,0.8197124315167632,106.97124315167632,False,False,False
12,0.015,0.002,0.003,0.0024363636363636362,65.0,0.9737936375715175,0.00136144,0.019170178043907908,0.0056707430488031705,0.012916692500051669,0.8025285602135793,0.8211159957624342,107.11159957624342,False,False,False
12,0.015,0.002,0.004,0.0024363636363636362,65.0,0.9737936375715175,0.00136144,0.019170178043907908,0.00756099073173756,0.012916692500051669,0.8025285602135793,0.8230062434453685,107.30062434453686,False,False,False
12,0.015,0.002,0.005,0.0024363636363636362,65.0,0.9737936375715175,0.00136144,0.019170178043907908,0.00945123841467195,0.012916692500051669,0.8025285602135793,0.824896491128303,107.48964911283029,False,False,False
12,0.015,0.002,0.006,0.0024363636363636362,65.0,0.9737936375715175,0.00136144,0.019170178043907908,0.011341486097606341,0.012916692500051669,0.8025285602135793,0.8267867388112373,107.67867388112373,False,False,False
12,0.02,0.001,0.003,0.0035272727272727274,65.0,0.9197143797280146,0.00197104,0.02439735543528791,0.0056707430488031705,0.012916692500051669,0.6305853691979806,0.6491728047468355,89.91728047468355,False,False,False
12,0.02,0.001,0.004,0.0035272727272727274,65.0,0.9197143797280146,0.00197104,0.02439735543528791,0.00756099073173756,0.012916692500051669,0.6305853691979806,0.6510630524297698,90.10630524297699,False,False,False
12,0.02,0.001,0.005,0.0035272727272727274,65.0,0.9197143797280146,0.00197104,0.02439735543528791,0.00945123841467195,0.012916692500051669,0.6305853691979806,0.6529533001127042,90.29533001127042,False,False,False
12,0.02,0.001,0.006,0.0035272727272727274,65.0,0.9197143797280146,0.00197104,0.02439735543528791,0.011341486097606341,0.012916692500051669,0.6305853691979806,0.6548435477956386,90.48435477956386,False,False,False
12,0.02,0.0015,0.003,0.0029818181818181814,65.0,0.9434392081705744,0.0016662399999999998,0.024671061652031284,0.0056707430488031705,0.012916692500051669,0.6235895155873317,0.6421769511361866,89.21769511361866,False,False,False
12,0.02,0.0015,0.004,0.0029818181818181814,65.0,0.9434392081705744,0.0016662399999999998,0.024671061652031284,0.00756099073173756,0.012916692500051669,0.6235895155873317,0.6440671988191209,89.4067198819121,False,False,False
12,0.02,0.0015,0.005,0.0029818181818181814,65.0,0.9434392081705744,0.0016662399999999998,0.024671061652031284,0.00945123841467195,0.012916692500051669,0.6235895155873317,0.6459574465020553,89.59574465020553,False,False,False
12,0.02,0.0015,0.006,0.0029818181818181814,65.0,0.9434392081705744,0.0016662399999999998,0.024671061652031284,0.011341486097606341,0.012916692500051669,0.6235895155873317,0.6478476941849897,89.78476941849897,False,False,False
12,0.02,0.002,0.003,0.0024363636363636362,65.0,0.9558575714763853,0.00136144,0.024669071022880178,0.0056707430488031705,0.012916692500051669,0.6236398350933603,0.6422272706422152,89.22272706422152,False,False,False
12,0.02,0.002,0.004,0.0024363636363636362,65.0,0.9558575714763853,0.00136144,0.024669071022880178,0.00756099073173756,0.012916692500051669,0.6236398350933603,0.6441175183251495,89.41175183251495,False,False,False
12,0.02,0.002,0.005,0.0024363636363636362,65.0,0.9558575714763853,0.00136144,0.024669071022880178,0.00945123841467195,0.012916692500051669,0.6236398350933603,0.646007766008084,89.6007766008084,False,False,False
12,0.02,0.002,0.006,0.0024363636363636362,65.0,0.9558575714763853,0.00136144,0.024669071022880178,0.011341486097606341,0.012916692500051669,0.6236398350933603,0.6478980136910183,89.78980136910182,False,False,False
12,0.025,0.001,0.003,0.0035272727272727274,65.0,0.8819779692405005,0.00197104,0.02885372850245046,0.0056707430488031705,0.012916692500051669,0.5331933231197077,0.5517807586685626,80.17807586685626,False,False,True
12,0.025,0.001,0.004,0.0035272727272727274,65.0,0.8819779692405005,0.00197104,0.02885372850245046,0.00756099073173756,0.012916692500051669,0.5331933231197077,0.5536710063514969,80.36710063514968,False,False,True
12,0.025,0.001,0.005,0.0035272727272727274,65.0,0.8819779692405005,0.00197104,0.02885372850245046,0.00945123841467195,0.012916692500051669,0.5331933231197077,0.5555612540344314,80.55612540344313,False,False,True
12,0.025,0.001,0.006,0.0035272727272727274,65.0,0.8819779692405005,0.00197104,0.02885372850245046,0.011341486097606341,0.012916692500051669,0.5331933231197077,0.5574515017173657,80.74515017173657,False,False,True
12,0.025,0.0015,0.003,0.0029818181818181814,65.0,0.9159699652839537,0.0016662399999999998,0.02958500454185491,0.0056707430488031705,0.012916692500051669,0.5200139605471498,0.5386013960960047,78.86013960960047,False,False,True
12,0.025,0.0015,0.004,0.0029818181818181814,65.0,0.9159699652839537,0.0016662399999999998,0.02958500454185491,0.00756099073173756,0.012916692500051669,0.5200139605471498,0.540491643778939,79.0491643778939,False,False,True
12,0.025,0.0015,0.005,0.0029818181818181814,65.0,0.9159699652839537,0.0016662399999999998,0.02958500454185491,0.00945123841467195,0.012916692500051669,0.5200139605471498,0.5423818914618734,79.23818914618735,False,False,True
12,0.025,0.0015,0.006,0.0029818181818181814,65.0,0.9159699652839537,0.0016662399999999998,0.02958500454185491,0.011341486097606341,0.012916692500051669,0.5200139605471498,0.5442721391448078,79.42721391448077,False,False,True
12,0.025,0.002,0.003,0.0024363636363636362,65.0,0.9341895077066656,0.00136144,0.02983553619489917,0.0056707430488031705,0.012916692500051669,0.5156473570347837,0.5342347925836386,78.42347925836387,False,False,True
12,0.025,0.002,0.004,0.0024363636363636362,65.0,0.9341895077066656,0.00136144,0.02983553619489917,0.00756099073173756,0.012916692500051669,0.5156473570347837,0.5361250402665729,78.61250402665729,False,False,True
12,0.025,0.002,0.005,0.0024363636363636362,65.0,0.9341895077066656,0.00136144,0.02983553619489917,0.00945123841467195,0.012916692500051669,0.5156473570347837,0.5380152879495074,78.80152879495074,False,False,True
12,0.025,0.002,0.006,0.0024363636363636362,65.0,0.9341895077066656,0.00136144,0.02983553619489917,0.011341486097606341,0.012916692500051669,0.5156473570347837,0.5399055356324417,78.99055356324416,False,False,True
12,0.03,0.001,0.003,0.0035272727272727274,65.0,0.8408200080996091,0.00197104,0.0327248726162513,0.0056707430488031705,0.012916692500051669,0.4701199471430585,0.48870738269191333,73.87073826919134,False,False,True
12,0.03,0.001,0.004,0.0035272727272727274,65.0,0.8408200080996091,0.00197104,0.0327248726162513,0.00756099073173756,0.012916692500051669,0.4701199471430585,0.4905976303748477,74.05976303748477,False,False,True
12,0.03,0.001,0.005,0.0035272727272727274,65.0,0.8408200080996091,0.00197104,0.0327248726162513,0.00945123841467195,0.012916692500051669,0.4701199471430585,0.4924878780577821,74.2487878057782,False,False,True
12,0.03,0.001,0.006,0.0035272727272727274,65.0,0.8408200080996091,0.00197104,0.0327248726162513,0.011341486097606341,0.012916692500051669,0.4701199471430585,0.4943781257407165,74.43781257407164,False,False,True
12,0.03,0.0015,0.003,0.0029818181818181814,65.0,0.8850897777499326,0.0016662399999999998,0.034039283710981534,0.0056707430488031705,0.012916692500051669,0.451966484231632,0.47055391978048683,72.05539197804868,False,False,True
12,0.03,0.0015,0.004,0.0029818181818181814,65.0,0.8850897777499326,0.0016662399999999998,0.034039283710981534,0.00756099073173756,0.012916692500051669,0.451966484231632,0.4724441674634212,72.24441674634213,False,False,True
12,0.03,0.0015,0.005,0.0029818181818181814,65.0,0.8850897777499326,0.0016662399999999998,0.034039283710981534,0.00945123841467195,0.012916692500051669,0.451966484231632,0.4743344151463556,72.43344151463556,False,False,True
12,0.03,0.0015,0.006,0.0029818181818181814,65.0,0.8850897777499326,0.0016662399999999998,0.034039283710981534,0.011341486097606341,0.012916692500051669,0.451966484231632,0.47622466282929,72.622466282929,False,False,True
12,0.03,0.002,0.003,0.0024363636363636362,65.0,0.9094514203812132,0.00136144,0.03462553515186325,0.0056707430488031705,0.012916692500051669,0.4443141547745152,0.46290159032337,71.290159032337,False,False,True
12,0.03,0.002,0.004,0.0024363636363636362,65.0,0.9094514203812132,0.00136144,0.03462553515186325,0.00756099073173756,0.012916692500051669,0.4443141547745152,0.4647918380063044,71.47918380063044,False,False,True
12,0.03,0.002,0.005,0.0024363636363636362,65.0,0.9094514203812132,0.00136144,0.03462553515186325,0.00945123841467195,0.012916692500051669,0.4443141547745152,0.4666820856892388,71.66820856892389,False,False,True
12,0.03,0.002,0.006,0.0024363636363636362,65.0,0.9094514203812132,0.00136144,0.03462553515186325,0.011341486097606341,0.012916692500051669,0.4443141547745152,0.4685723333721732,71.85723333721731,False,False,True
12,0.035,0.001,0.003,0.0035272727272727274,65.0,0.7979562629595071,0.00197104,0.036021429653008086,0.0056707430488031705,0.012916692500051669,0.4270961905958289,0.4456836261446837,69.56836261446837,True,True,True
12,0.035,0.001,0.004,0.0035272727272727274,65.0,0.7979562629595071,0.00197104,0.036021429653008086,0.00756099073173756,0.012916692500051669,0.4270961905958289,0.4475738738276181,69.7573873827618,True,True,True
12,0.035,0.001,0.005,0.0035272727272727274,65.0,0.7979562629595071,0.00197104,0.036021429653008086,0.00945123841467195,0.012916692500051669,0.4270961905958289,0.4494641215105525,69.94641215105526,True,True,True
12,0.035,0.001,0.006,0.0035272727272727274,65.0,0.7979562629595071,0.00197104,0.036021429653008086,0.011341486097606341,0.012916692500051669,0.4270961905958289,0.45135436919348687,70.13543691934868,False,False,True
12,0.035,0.0015,0.003,0.0029818181818181814,65.0,0.8518355920853805,0.0016662399999999998,0.03801576838546736,0.0056707430488031705,0.012916692500051669,0.40469037028583654,0.4232778058346914,67.32778058346913,True,True,True
12,0.035,0.0015,0.004,0.0029818181818181814,65.0,0.8518355920853805,0.0016662399999999998,0.03801576838546736,0.00756099073173756,0.012916692500051669,0.40469037028583654,0.42516805351762577,67.51680535176257,True,True,True
12,0.035,0.0015,0.005,0.0029818181818181814,65.0,0.8518355920853805,0.0016662399999999998,0.03801576838546736,0.00945123841467195,0.012916692500051669,0.40469037028583654,0.42705830120056015,67.70583012005602,True,True,True
12,0.035,0.0015,0.006,0.0029818181818181814,65.0,0.8518355920853805,0.0016662399999999998,0.03801576838546736,0.011341486097606341,0.012916692500051669,0.40469037028583654,0.42894854888349454,67.89485488834946,True,True,True
12,0.035,0.002,0.003,0.0024363636363636362,65.0,0.8823289044669683,0.00136144,0.039012179011414475,0.0056707430488031705,0.012916692500051669,0.3943541677103973,0.4129416032592521,66.29416032592522,True,True,True
12,0.035,0.002,0.004,0.0024363636363636362,65.0,0.8823289044669683,0.00136144,0.039012179011414475,0.00756099073173756,0.012916692500051669,0.3943541677103973,0.4148318509421865,66.48318509421864,True,True,True
12,0.035,0.002,0.005,0.0024363636363636362,65.0,0.8823289044669683,0.00136144,0.039012179011414475,0.00945123841467195,0.012916692500051669,0.3943541677103973,0.4167220986251209,66.67220986251209,True,True,True
12,0.035,0.002,0.006,0.0024363636363636362,65.0,0.8823289044669683,0.00136144,0.039012179011414475,0.011341486097606341,0.012916692500051669,0.3943541677103973,0.41861234630805527,66.86123463080553,True,True,True
12,0.04,0.001,0.003,0.0035272727272727274,65.0,0.7548114374884926,0.00197104,0.0387816841834388,0.0056707430488031705,0.012916692500051669,0.3966979698933544,0.4152854054422092,66.52854054422093,True,True,True
12,0.04,0.001,0.004,0.0035272727272727274,65.0,0.7548114374884926,0.00197104,0.0387816841834388,0.00756099073173756,0.012916692500051669,0.3966979698933544,0.4171756531251436,66.71756531251435,True,True,True
12,0.04,0.001,0.005,0.0035272727272727274,65.0,0.7548114374884926,0.00197104,0.0387816841834388,0.00945123841467195,0.012916692500051669,0.3966979698933544,0.419065900808078,66.9065900808078,True,True,True
12,0.04,0.001,0.006,0.0035272727272727274,65.0,0.7548114374884926,0.00197104,0.0387816841834388,0.011341486097606341,0.012916692500051669,0.3966979698933544,0.42095614849101237,67.09561484910124,True,True,True
12,0.04,0.0015,0.003,0.0029818181818181814,65.0,0.8171663578956474,0.0016662399999999998,0.04151780894185493,0.0056707430488031705,0.012916692500051669,0.3705546072087115,0.3891420427575663,63.91420427575663,True,True,True
12,0.04,0.0015,0.004,0.0029818181818181814,65.0,0.8171663578956474,0.0016662399999999998,0.04151780894185493,0.00756099073173756,0.012916692500051669,0.3705546072087115,0.3910322904405007,64.10322904405007,True,True,True
12,0.04,0.0015,0.005,0.0029818181818181814,65.0,0.8171663578956474,0.0016662399999999998,0.04151780894185493,0.00945123841467195,0.012916692500051669,0.3705546072087115,0.3929225381234351,64.29225381234352,True,True,True
12,0.04,0.0015,0.006,0.0029818181818181814,65.0,0.8171663578956474,0.0016662399999999998,0.04151780894185493,0.011341486097606341,0.012916692500051669,0.3705546072087115,0.39481278580636947,64.48127858063694,True,True,True
12,0.04,0.002,0.003,0.0024363636363636362,65.0,0.8534914981291505,0.00136144,0.04298451338076241,0.0056707430488031705,0.012916692500051669,0.35791065606202077,0.3764980916108756,62.64980916108756,True,True,True
12,0.04,0.002,0.004,0.0024363636363636362,65.0,0.8534914981291505,0.00136144,0.04298451338076241,0.00756099073173756,0.012916692500051669,0.35791065606202077,0.37838833929381,62.838833929380996,True,True,True
12,0.04,0.002,0.005,0.0024363636363636362,65.0,0.8534914981291505,0.00136144,0.04298451338076241,0.00945123841467195,0.012916692500051669,0.35791065606202077,0.3802785869767444,63.02785869767444,True,True,True
12,0.04,0.002,0.006,0.0024363636363636362,65.0,0.8534914981291505,0.00136144,0.04298451338076241,0.011341486097606341,0.012916692500051669,0.35791065606202077,0.38216883465967877,63.216883465967875,True,True,True
12,0.045,0.001,0.003,0.0035272727272727274,65.0,0.7124808841793205,0.00197104,0.04106059122961424,0.0056707430488031705,0.012916692500051669,0.37468080521742464,0.3932682407662795,64.32682407662796,True,True,True
12,0.045,0.001,0.004,0.0035272727272727274,65.0,0.7124808841793205,0.00197104,0.04106059122961424,0.00756099073173756,0.012916692500051669,0.37468080521742464,0.39515848844921386,64.51584884492138,True,True,True
12,0.045,0.001,0.005,0.0035272727272727274,65.0,0.7124808841793205,0.00197104,0.04106059122961424,0.00945123841467195,0.012916692500051669,0.37468080521742464,0.39704873613214825,64.70487361321483,True,True,True
12,0.045,0.001,0.006,0.0035272727272727274,65.0,0.7124808841793205,0.00197104,0.04106059122961424,0.011341486097606341,0.012916692500051669,0.37468080521742464,0.39893898381508264,64.89389838150827,True,True,True
12,0.045,0.0015,0.003,0.0029818181818181814,65.0,0.7819191519258898,0.0016662399999999998,0.04456545235126201,0.0056707430488031705,0.012916692500051669,0.3452139397880412,0.36380137533689605,61.380137533689606,True,True,True
12,0.045,0.0015,0.004,0.0029818181818181814,65.0,0.7819191519258898,0.0016662399999999998,0.04456545235126201,0.00756099073173756,0.012916692500051669,0.3452139397880412,0.36569162301983044,61.56916230198304,True,True,True
12,0.045,0.0015,0.005,0.0029818181818181814,65.0,0.7819191519258898,0.0016662399999999998,0.04456545235126201,0.00945123841467195,0.012916692500051669,0.3452139397880412,0.3675818707027648,61.758187070276485,True,True,True
12,0.045,0.0015,0.006,0.0029818181818181814,65.0,0.7819191519258898,0.0016662399999999998,0.04456545235126201,0.011341486097606341,0.012916692500051669,0.3452139397880412,0.3694721183856992,61.94721183856992,True,True,True
12,0.045,0.002,0.003,0.0024363636363636362,65.0,0.823561691057948,0.00136144,0.04654532861820325,0.0056707430488031705,0.012916692500051669,0.3305297403915775,0.34911717594043234,59.91171759404323,True,True,True
12,0.045,0.002,0.004,0.0024363636363636362,65.0,0.823561691057948,0.00136144,0.04654532861820325,0.00756099073173756,0.012916692500051669,0.3305297403915775,0.35100742362336673,60.100742362336675,True,True,True
12,0.045,0.002,0.005,0.0024363636363636362,65.0,0.823561691057948,0.00136144,0.04654532861820325,0.00945123841467195,0.012916692500051669,0.3305297403915775,0.3528976713063011,60.28976713063011,True,True,True
12,0.045,0.002,0.006,0.0024363636363636362,65.0,0.823561691057948,0.00136144,0.04654532861820325,0.011341486097606341,0.012916692500051669,0.3305297403915775,0.3547879189892355,60.478791898923554,True,True,True
12,0.05,0.001,0.003,0.0035272727272727274,65.0,0.671743357372989,0.00197104,0.04292051506545741,0.0056707430488031705,0.012916692500051669,0.3584443327661037,0.37703176831495855,62.70317683149585,True,True,True
12,0.05,0.001,0.004,0.0035272727272727274,65.0,0.671743357372989,0.00197104,0.04292051506545741,0.00756099073173756,0.012916692500051669,0.3584443327661037,0.37892201599789294,62.892201599789296,True,True,True
12,0.05,0.001,0.005,0.0035272727272727274,65.0,0.671743357372989,0.00197104,0.04292051506545741,0.00945123841467195,0.012916692500051669,0.3584443327661037,0.3808122636808273,63.08122636808273,True,True,True
12,0.05,0.001,0.006,0.0035272727272727274,65.0,0.671743357372989,0.00197104,0.04292051506545741,0.011341486097606341,0.012916692500051669,0.3584443327661037,0.3827025113637617,63.270251136376174,True,True,True
12,0.05,0.0015,0.003,0.0029818181818181814,65.0,0.7467873748635436,0.0016662399999999998,0.04719039837168162,0.0056707430488031705,0.012916692500051669,0.32601155988222186,0.3445989954310767,59.45989954310767,True,True,True
12,0.05,0.0015,0.004,0.0029818181818181814,65.0,0.7467873748635436,0.0016662399999999998,0.04719039837168162,0.00756099073173756,0.012916692500051669,0.32601155988222186,0.3464892431140111,59.64892431140111,True,True,True
12,0.05,0.0015,0.005,0.0029818181818181814,65.0,0.7467873748635436,0.0016662399999999998,0.04719039837168162,0.00945123841467195,0.012916692500051669,0.32601155988222186,0.34837949079694547,59.837949079694546,True,True,True
12,0.05,0.0015,0.006,0.0029818181818181814,65.0,0.7467873748635436,0.0016662399999999998,0.04719039837168162,0.011341486097606341,0.012916692500051669,0.32601155988222186,0.35026973847987986,60.02697384798799,True,True,True
12,0.05,0.002,0.003,0.0024363636363636362,65.0,0.7930937892739091,0.00136144,0.049708437394137495,0.0056707430488031705,0.012916692500051669,0.30949706309677344,0.3280844986456283,57.808449864562824,True,True,True
12,0.05,0.002,0.004,0.0024363636363636362,65.0,0.7930937892739091,0.00136144,0.049708437394137495,0.00756099073173756,0.012916692500051669,0.30949706309677344,0.32997474632856266,57.99747463285627,True,True,True
12,0.05,0.002,0.005,0.0024363636363636362,65.0,0.7930937892739091,0.00136144,0.049708437394137495,0.00945123841467195,0.012916692500051669,0.30949706309677344,0.33186499401149705,58.1864994011497,True,True,True
12,0.05,0.002,0.006,0.0024363636363636362,65.0,0.7930937892739091,0.00136144,0.049708437394137495,0.011341486097606341,0.012916692500051669,0.30949706309677344,0.33375524169443144,58.375524169443146,True,True,True
13,0.015,0.001,0.003,0.00315,65.0,0.9521305776014142,0.00192024,0.020783851003439217,0.0056707430488031705,0.012916692500051669,0.7402196725750972,0.7588071081239521,100.88071081239521,False,False,False
13,0.015,0.001,0.004,0.00315,65.0,0.9521305776014142,0.00192024,0.020783851003439217,0.00756099073173756,0.012916692500051669,0.7402196725750972,0.7606973558068865,101.06973558068864,False,False,False
13,0.015,0.001,0.005,0.00315,65.0,0.9521305776014142,0.00192024,0.020783851003439217,0.00945123841467195,0.012916692500051669,0.7402196725750972,0.7625876034898209,101.2587603489821,False,False,False
13,0.015,0.001,0.006,0.00315,65.0,0.9521305776014142,0.00192024,0.020783851003439217,0.011341486097606341,0.012916692500051669,0.7402196725750972,0.7644778511727552,101.44778511727553,False,False,False
13,0.015,0.0015,0.003,0.0026083333333333327,65.0,0.9664493904943342,0.00159004,0.02073733532447375,0.0056707430488031705,0.012916692500051669,0.7418800508307737,0.7604674863796286,101.04674863796286,False,False,False
13,0.015,0.0015,0.004,0.0026083333333333327,65.0,0.9664493904943342,0.00159004,0.02073733532447375,0.00756099073173756,0.012916692500051669,0.7418800508307737,0.7623577340625629,101.23577340625629,False,False,False
13,0.015,0.0015,0.005,0.0026083333333333327,65.0,0.9664493904943342,0.00159004,0.02073733532447375,0.00945123841467195,0.012916692500051669,0.7418800508307737,0.7642479817454974,101.42479817454974,False,False,False
13,0.015,0.0015,0.006,0.0026083333333333327,65.0,0.9664493904943342,0.00159004,0.02073733532447375,0.011341486097606341,0.012916692500051669,0.7418800508307737,0.7661382294284317,101.61382294284317,False,False,False
13,0.015,0.002,0.003,0.0020666666666666663,65.0,0.9737936375715175,0.00125984,0.020552639547566906,0.0056707430488031705,0.012916692500051669,0.7485469371955521,0.767134372744407,101.7134372744407,False,False,False
13,0.015,0.002,0.004,0.0020666666666666663,65.0,0.9737936375715175,0.00125984,0.020552639547566906,0.00756099073173756,0.012916692500051669,0.7485469371955521,0.7690246204273413,101.90246204273413,False,False,False
13,0.015,0.002,0.005,0.0020666666666666663,65.0,0.9737936375715175,0.00125984,0.020552639547566906,0.00945123841467195,0.012916692500051669,0.7485469371955521,0.7709148681102758,102.09148681102758,False,False,False
13,0.015,0.002,0.006,0.0020666666666666663,65.0,0.9737936375715175,0.00125984,0.020552639547566906,0.011341486097606341,0.012916692500051669,0.7485469371955521,0.7728051157932101,102.28051157932101,False,False,False
13,0.02,0.001,0.003,0.00315,65.0,0.9197143797280146,0.00192024,0.026215415054895233,0.0056707430488031705,0.012916692500051669,0.5868537786794491,0.605441214228304,85.5441214228304,False,False,False
13,0.02,0.001,0.004,0.00315,65.0,0.9197143797280146,0.00192024,0.026215415054895233,0.00756099073173756,0.012916692500051669,0.5868537786794491,0.6073314619112383,85.73314619112384,False,False,False
13,0.02,0.001,0.005,0.00315,65.0,0.9197143797280146,0.00192024,0.026215415054895233,0.00945123841467195,0.012916692500051669,0.5868537786794491,0.6092217095941728,85.92217095941729,False,False,False
13,0.02,0.001,0.006,0.00315,65.0,0.9197143797280146,0.00192024,0.026215415054895233,0.011341486097606341,0.012916692500051669,0.5868537786794491,0.6111119572771071,86.11119572771071,False,False,False
13,0.02,0.0015,0.003,0.0026083333333333327,65.0,0.9434392081705744,0.00159004,0.02651193012303389,0.0056707430488031705,0.012916692500051669,0.5802902811383409,0.5988777166871958,84.88777166871958,False,False,True
13,0.02,0.0015,0.004,0.0026083333333333327,65.0,0.9434392081705744,0.00159004,0.02651193012303389,0.00756099073173756,0.012916692500051669,0.5802902811383409,0.6007679643701301,85.07679643701302,False,False,False
13,0.02,0.0015,0.005,0.0026083333333333327,65.0,0.9434392081705744,0.00159004,0.02651193012303389,0.00945123841467195,0.012916692500051669,0.5802902811383409,0.6026582120530646,85.26582120530645,False,False,False
13,0.02,0.0015,0.006,0.0026083333333333327,65.0,0.9434392081705744,0.00159004,0.02651193012303389,0.011341486097606341,0.012916692500051669,0.5802902811383409,0.6045484597359989,85.45484597359989,False,False,False
13,0.02,0.002,0.003,0.0020666666666666663,65.0,0.9558575714763853,0.00125984,0.026509773608120193,0.0056707430488031705,0.012916692500051669,0.580337486545073,0.5989249220939279,84.8924922093928,False,False,True
13,0.02,0.002,0.004,0.0020666666666666663,65.0,0.9558575714763853,0.00125984,0.026509773608120193,0.00756099073173756,0.012916692500051669,0.580337486545073,0.6008151697768622,85.08151697768622,False,False,False
13,0.02,0.002,0.005,0.0020666666666666663,65.0,0.9558575714763853,0.00125984,0.026509773608120193,0.00945123841467195,0.012916692500051669,0.580337486545073,0.6027054174597967,85.27054174597967,False,False,False
13,0.02,0.002,0.006,0.0020666666666666663,65.0,0.9558575714763853,0.00125984,0.026509773608120193,0.011341486097606341,0.012916692500051669,0.580337486545073,0.604595665142731,85.45956651427309,False,False,False
13,0.025,0.001,0.003,0.00315,65.0,0.8819779692405005,0.00192024,0.03104315254432133,0.0056707430488031705,0.012916692500051669,0.4955880483675188,0.5141754839163737,76.41754839163737,False,False,True
13,0.025,0.001,0.004,0.00315,65.0,0.8819779692405005,0.00192024,0.03104315254432133,0.00756099073173756,0.012916692500051669,0.4955880483675188,0.516065731599308,76.6065731599308,False,False,True
13,0.025,0.001,0.005,0.00315,65.0,0.8819779692405005,0.00192024,0.03104315254432133,0.00945123841467195,0.012916692500051669,0.4955880483675188,0.5179559792822425,76.79559792822425,False,False,True
13,0.025,0.001,0.006,0.00315,65.0,0.8819779692405005,0.00192024,0.03104315254432133,0.011341486097606341,0.012916692500051669,0.4955880483675188,0.5198462269651768,76.98462269651768,False,False,True
13,0.025,0.0015,0.003,0.0026083333333333327,65.0,0.9159699652839537,0.00159004,0.03183536825367615,0.0056707430488031705,0.012916692500051669,0.48325545544266996,0.5018428909915248,75.18428909915248,False,False,True
13,0.025,0.0015,0.004,0.0026083333333333327,65.0,0.9159699652839537,0.00159004,0.03183536825367615,0.00756099073173756,0.012916692500051669,0.48325545544266996,0.5037331386744592,75.37331386744592,False,False,True
13,0.025,0.0015,0.005,0.0026083333333333327,65.0,0.9159699652839537,0.00159004,0.03183536825367615,0.00945123841467195,0.012916692500051669,0.48325545544266996,0.5056233863573936,75.56233863573937,False,False,True
13,0.025,0.0015,0.006,0.0026083333333333327,65.0,0.9159699652839537,0.00159004,0.03183536825367615,0.011341486097606341,0.012916692500051669,0.48325545544266996,0.507513634040328,75.7513634040328,False,False,True
13,0.025,0.002,0.003,0.0020666666666666663,65.0,0.9341895077066656,0.00125984,0.0321067775444741,0.0056707430488031705,0.012916692500051669,0.47917033602343667,0.4977577715722915,74.77577715722916,False,False,True
13,0.025,0.002,0.004,0.0020666666666666663,65.0,0.9341895077066656,0.00125984,0.0321067775444741,0.00756099073173756,0.012916692500051669,0.47917033602343667,0.4996480192552259,74.96480192552258,False,False,True
13,0.025,0.002,0.005,0.0020666666666666663,65.0,0.9341895077066656,0.00125984,0.0321067775444741,0.00945123841467195,0.012916692500051669,0.47917033602343667,0.5015382669381603,75.15382669381603,False,False,True
13,0.025,0.002,0.006,0.0020666666666666663,65.0,0.9341895077066656,0.00125984,0.0321067775444741,0.011341486097606341,0.012916692500051669,0.47917033602343667,0.5034285146210947,75.34285146210948,False,False,True
13,0.03,0.001,0.003,0.00315,65.0,0.8408200080996091,0.00192024,0.03523689200093891,0.0056707430488031705,0.012916692500051669,0.4366053448813095,0.4551927804301643,70.51927804301643,False,False,True
13,0.03,0.001,0.004,0.00315,65.0,0.8408200080996091,0.00192024,0.03523689200093891,0.00756099073173756,0.012916692500051669,0.4366053448813095,0.4570830281130987,70.70830281130986,False,False,True
13,0.03,0.001,0.005,0.00315,65.0,0.8408200080996091,0.00192024,0.03523689200093891,0.00945123841467195,0.012916692500051669,0.4366053448813095,0.4589732757960331,70.89732757960331,False,False,True
13,0.03,0.001,0.006,0.00315,65.0,0.8408200080996091,0.00192024,0.03523689200093891,0.011341486097606341,0.012916692500051669,0.4366053448813095,0.4608635234789675,71.08635234789675,False,False,True
13,0.03,0.0015,0.003,0.0026083333333333327,65.0,0.8850897777499326,0.00159004,0.036660837353563326,0.0056707430488031705,0.012916692500051669,0.41964713561350353,0.43823457116235837,68.82345711623583,True,True,True
13,0.03,0.0015,0.004,0.0026083333333333327,65.0,0.8850897777499326,0.00159004,0.036660837353563326,0.00756099073173756,0.012916692500051669,0.41964713561350353,0.44012481884529275,69.01248188452928,True,True,True
13,0.03,0.0015,0.005,0.0026083333333333327,65.0,0.8850897777499326,0.00159004,0.036660837353563326,0.00945123841467195,0.012916692500051669,0.41964713561350353,0.44201506652822714,69.20150665282272,True,True,True
13,0.03,0.0015,0.006,0.0026083333333333327,65.0,0.8850897777499326,0.00159004,0.036660837353563326,0.011341486097606341,0.012916692500051669,0.41964713561350353,0.44390531421116153,69.39053142111615,True,True,True
13,0.03,0.002,0.003,0.0020666666666666663,65.0,0.9094514203812132,0.00125984,0.03729594308118519,0.0056707430488031705,0.012916692500051669,0.4125010420336177,0.43108847758247254,68.10884775824725,True,True,True
13,0.03,0.002,0.004,0.0020666666666666663,65.0,0.9094514203812132,0.00125984,0.03729594308118519,0.00756099073173756,0.012916692500051669,0.4125010420336177,0.4329787252654069,68.29787252654069,True,True,True
13,0.03,0.002,0.005,0.0020666666666666663,65.0,0.9094514203812132,0.00125984,0.03729594308118519,0.00945123841467195,0.012916692500051669,0.4125010420336177,0.4348689729483413,68.48689729483414,True,True,True
13,0.03,0.002,0.006,0.0020666666666666663,65.0,0.9094514203812132,0.00125984,0.03729594308118519,0.011341486097606341,0.012916692500051669,0.4125010420336177,0.4367592206312757,68.67592206312757,True,True,True
13,0.035,0.001,0.003,0.00315,65.0,0.7979562629595071,0.00192024,0.03880816212409209,0.0056707430488031705,0.012916692500051669,0.39642731174493373,0.41501474729378857,66.50147472937886,True,True,True
13,0.035,0.001,0.004,0.00315,65.0,0.7979562629595071,0.00192024,0.03880816212409209,0.00756099073173756,0.012916692500051669,0.39642731174493373,0.41690499497672295,66.69049949767229,True,True,True
13,0.035,0.001,0.005,0.00315,65.0,0.7979562629595071,0.00192024,0.03880816212409209,0.00945123841467195,0.012916692500051669,0.39642731174493373,0.41879524265965734,66.87952426596573,True,True,True
13,0.035,0.001,0.006,0.00315,65.0,0.7979562629595071,0.00192024,0.03880816212409209,0.011341486097606341,0.012916692500051669,0.39642731174493373,0.42068549034259173,67.06854903425918,True,True,True
13,0.035,0.0015,0.003,0.0026083333333333327,65.0,0.8518355920853805,0.00159004,0.040968695750922976,0.0056707430488031705,0.012916692500051669,0.3755212389027246,0.39410867445157943,64.41086744515795,True,True,True
13,0.035,0.0015,0.004,0.0026083333333333327,65.0,0.8518355920853805,0.00159004,0.040968695750922976,0.00756099073173756,0.012916692500051669,0.3755212389027246,0.3959989221345138,64.59989221345138,True,True,True
13,0.035,0.0015,0.005,0.0026083333333333327,65.0,0.8518355920853805,0.00159004,0.040968695750922976,0.00945123841467195,0.012916692500051669,0.3755212389027246,0.3978891698174482,64.78891698174482,True,True,True
13,0.035,0.0015,0.006,0.0026083333333333327,65.0,0.8518355920853805,0.00159004,0.040968695750922976,0.011341486097606341,0.012916692500051669,0.3755212389027246,0.3997794175003826,64.97794175003827,True,True,True
13,0.035,0.002,0.003,0.0020666666666666663,65.0,0.8823289044669683,0.00125984,0.042048140595699016,0.0056707430488031705,0.012916692500051669,0.3658809918027394,0.38446842735159426,63.44684273515943,True,True,True
13,0.035,0.002,0.004,0.0020666666666666663,65.0,0.8823289044669683,0.00125984,0.042048140595699016,0.00756099073173756,0.012916692500051669,0.3658809918027394,0.38635867503452864,63.635867503452864,True,True,True
13,0.035,0.002,0.005,0.0020666666666666663,65.0,0.8823289044669683,0.00125984,0.042048140595699016,0.00945123841467195,0.012916692500051669,0.3658809918027394,0.38824892271746303,63.8248922717463,True,True,True
13,0.035,0.002,0.006,0.0020666666666666663,65.0,0.8823289044669683,0.00125984,0.042048140595699016,0.011341486097606341,0.012916692500051669,0.3658809918027394,0.3901391704003974,64.01391704003974,True,True,True
13,0.04,0.001,0.003,0.00315,65.0,0.7548114374884926,0.00192024,0.04179843786539203,0.0056707430488031705,0.012916692500051669,0.3680667548906996,0.38665419043955446,63.665419043955445,True,True,True
13,0.04,0.001,0.004,0.00315,65.0,0.7548114374884926,0.00192024,0.04179843786539203,0.00756099073173756,0.012916692500051669,0.3680667548906996,0.38854443812248884,63.85444381224888,True,True,True
13,0.04,0.001,0.005,0.00315,65.0,0.7548114374884926,0.00192024,0.04179843786539203,0.00945123841467195,0.012916692500051669,0.3680667548906996,0.39043468580542323,64.04346858054232,True,True,True
13,0.04,0.001,0.006,0.00315,65.0,0.7548114374884926,0.00192024,0.04179843786539203,0.011341486097606341,0.012916692500051669,0.3680667548906996,0.3923249334883576,64.23249334883576,True,True,True
13,0.04,0.0015,0.003,0.0026083333333333327,65.0,0.8171663578956474,0.00159004,0.04476257302034284,0.0056707430488031705,0.012916692500051669,0.34369372327242403,0.36228115882127887,61.22811588212789,True,True,True
13,0.04,0.0015,0.004,0.0026083333333333327,65.0,0.8171663578956474,0.00159004,0.04476257302034284,0.00756099073173756,0.012916692500051669,0.34369372327242403,0.36417140650421326,61.417140650421324,True,True,True
13,0.04,0.0015,0.005,0.0026083333333333327,65.0,0.8171663578956474,0.00159004,0.04476257302034284,0.00945123841467195,0.012916692500051669,0.34369372327242403,0.36606165418714764,61.60616541871477,True,True,True
13,0.04,0.0015,0.006,0.0026083333333333327,65.0,0.8171663578956474,0.00159004,0.04476257302034284,0.011341486097606341,0.012916692500051669,0.34369372327242403,0.36795190187008203,61.7951901870082,True,True,True
13,0.04,0.002,0.003,0.0020666666666666663,65.0,0.8534914981291505,0.00125984,0.04635150282915927,0.0056707430488031705,0.012916692500051669,0.3319119002747215,0.35049933582357634,60.04993358235763,True,True,True
13,0.04,0.002,0.004,0.0020666666666666663,65.0,0.8534914981291505,0.00125984,0.04635150282915927,0.00756099073173756,0.012916692500051669,0.3319119002747215,0.35238958350651073,60.238958350651075,True,True,True
13,0.04,0.002,0.005,0.0020666666666666663,65.0,0.8534914981291505,0.00125984,0.04635150282915927,0.00945123841467195,0.012916692500051669,0.3319119002747215,0.3542798311894451,60.42798311894451,True,True,True
13,0.04,0.002,0.006,0.0020666666666666663,65.0,0.8534914981291505,0.00125984,0.04635150282915927,0.011341486097606341,0.012916692500051669,0.3319119002747215,0.3561700788723795,60.61700788723795,True,True,True
13,0.045,0.001,0.003,0.00315,65.0,0.7124808841793205,0.00192024,0.04426725383208209,0.0056707430488031705,0.012916692500051669,0.347539412383101,0.3661268479319558,61.612684793195584,True,True,True
13,0.045,0.001,0.004,0.00315,65.0,0.7124808841793205,0.00192024,0.04426725383208209,0.00756099073173756,0.012916692500051669,0.347539412383101,0.3680170956148902,61.80170956148902,True,True,True
13,0.045,0.001,0.005,0.00315,65.0,0.7124808841793205,0.00192024,0.04426725383208209,0.00945123841467195,0.012916692500051669,0.347539412383101,0.3699073432978246,61.99073432978246,True,True,True
13,0.045,0.001,0.006,0.00315,65.0,0.7124808841793205,0.00192024,0.04426725383208209,0.011341486097606341,0.012916692500051669,0.347539412383101,0.371797590980759,62.1797590980759,True,True,True
13,0.045,0.0015,0.003,0.0026083333333333327,65.0,0.7819191519258898,0.00159004,0.04806418671386718,0.0056707430488031705,0.012916692500051669,0.3200847956962665,0.33867223124512136,58.86722312451214,True,True,True
13,0.045,0.0015,0.004,0.0026083333333333327,65.0,0.7819191519258898,0.00159004,0.04806418671386718,0.00756099073173756,0.012916692500051669,0.3200847956962665,0.34056247892805575,59.05624789280557,True,True,True
13,0.045,0.0015,0.005,0.0026083333333333327,65.0,0.7819191519258898,0.00159004,0.04806418671386718,0.00945123841467195,0.012916692500051669,0.3200847956962665,0.34245272661099013,59.245272661099015,True,True,True
13,0.045,0.0015,0.006,0.0026083333333333327,65.0,0.7819191519258898,0.00159004,0.04806418671386718,0.011341486097606341,0.012916692500051669,0.3200847956962665,0.3443429742939245,59.43429742939245,True,True,True
13,0.045,0.002,0.003,0.0020666666666666663,65.0,0.823561691057948,0.00125984,0.05020905266972019,0.0056707430488031705,0.012916692500051669,0.3064111861623204,0.3249986217111752,57.49986217111752,True,True,True
13,0.045,0.002,0.004,0.0020666666666666663,65.0,0.823561691057948,0.00125984,0.05020905266972019,0.00756099073173756,0.012916692500051669,0.3064111861623204,0.3268888693941096,57.68888693941096,True,True,True
13,0.045,0.002,0.005,0.0020666666666666663,65.0,0.823561691057948,0.00125984,0.05020905266972019,0.00945123841467195,0.012916692500051669,0.3064111861623204,0.328779117077044,57.8779117077044,True,True,True
13,0.045,0.002,0.006,0.0020666666666666663,65.0,0.823561691057948,0.00125984,0.05020905266972019,0.011341486097606341,0.012916692500051669,0.3064111861623204,0.3306693647599784,58.066936475997835,True,True,True
13,0.05,0.001,0.003,0.00315,65.0,0.671743357372989,0.00192024,0.04628217132091219,0.0056707430488031705,0.012916692500051669,0.33240911015045616,0.350996545699311,60.0996545699311,True,True,True
13,0.05,0.001,0.004,0.00315,65.0,0.671743357372989,0.00192024,0.04628217132091219,0.00756099073173756,0.012916692500051669,0.33240911015045616,0.3528867933822454,60.28867933822454,True,True,True
13,0.05,0.001,0.005,0.00315,65.0,0.671743357372989,0.00192024,0.04628217132091219,0.00945123841467195,0.012916692500051669,0.33240911015045616,0.35477704106517977,60.477704106517976,True,True,True
13,0.05,0.001,0.006,0.00315,65.0,0.671743357372989,0.00192024,0.04628217132091219,0.011341486097606341,0.012916692500051669,0.33240911015045616,0.35666728874811415,60.66672887481141,True,True,True
13,0.05,0.0015,0.003,0.0026083333333333327,65.0,0.7467873748635436,0.00159004,0.05090787823598842,0.0056707430488031705,0.012916692500051669,0.3022050008310797,0.32079243637993454,57.07924363799346,True,True,True
13,0.05,0.0015,0.004,0.0026083333333333327,65.0,0.7467873748635436,0.00159004,0.05090787823598842,0.00756099073173756,0.012916692500051669,0.3022050008310797,0.32268268406286893,57.26826840628689,True,True,True
13,0.05,0.0015,0.005,0.0026083333333333327,65.0,0.7467873748635436,0.00159004,0.05090787823598842,0.00945123841467195,0.012916692500051669,0.3022050008310797,0.3245729317458033,57.45729317458033,True,True,True
13,0.05,0.0015,0.006,0.0026083333333333327,65.0,0.7467873748635436,0.00159004,0.05090787823598842,0.011341486097606341,0.012916692500051669,0.3022050008310797,0.3264631794287377,57.64631794287377,True,True,True
13,0.05,0.002,0.003,0.0020666666666666663,65.0,0.7930937892739091,0.00125984,0.05363575384364895,0.0056707430488031705,0.012916692500051669,0.28683507328828356,0.3054225088371384,55.54225088371384,True,True,True
13,0.05,0.002,0.004,0.0020666666666666663,65.0,0.7930937892739091,0.00125984,0.05363575384364895,0.00756099073173756,0.012916692500051669,0.28683507328828356,0.3073127565200728,55.73127565200728,True,True,True
13,0.05,0.002,0.005,0.0020666666666666663,65.0,0.7930937892739091,0.00125984,0.05363575384364895,0.00945123841467195,0.012916692500051669,0.28683507328828356,0.30920300420300717,55.92030042030072,True,True,True
13,0.05,0.002,0.006,0.0020666666666666663,65.0,0.7930937892739091,0.00125984,0.05363575384364895,0.011341486097606341,0.012916692500051669,0.28683507328828356,0.31109325188594156,56.109325188594156,True,True,True
14,0.015,0.001,0.003,0.002830769230769231,65.0,0.9521305776014142,0.00186944,0.022184098003703773,0.0056707430488031705,0.012916692500051669,0.6934974494814632,0.7120848850303181,96.2084885030318,False,False,False
14,0.015,0.001,0.004,0.002830769230769231,65.0,0.9521305776014142,0.00186944,0.022184098003703773,0.00756099073173756,0.012916692500051669,0.6934974494814632,0.7139751327132524,96.39751327132524,False,False,False
14,0.015,0.001,0.005,0.002830769230769231,65.0,0.9521305776014142,0.00186944,0.022184098003703773,0.00945123841467195,0.012916692500051669,0.6934974494814632,0.7158653803961869,96.58653803961869,False,False,False
14,0.015,0.001,0.006,0.002830769230769231,65.0,0.9521305776014142,0.00186944,0.022184098003703773,0.011341486097606341,0.012916692500051669,0.6934974494814632,0.7177556280791212,96.77556280791212,False,False,False
14,0.015,0.0015,0.003,0.002292307692307692,65.0,0.9664493904943342,0.0015138399999999998,0.022134004195587115,0.0056707430488031705,0.012916692500051669,0.6950669769766573,0.7136544125255122,96.36544125255122,False,False,False
14,0.015,0.0015,0.004,0.002292307692307692,65.0,0.9664493904943342,0.0015138399999999998,0.022134004195587115,0.00756099073173756,0.012916692500051669,0.6950669769766573,0.7155446602084465,96.55446602084466,False,False,False
14,0.015,0.0015,0.005,0.002292307692307692,65.0,0.9664493904943342,0.0015138399999999998,0.022134004195587115,0.00945123841467195,0.012916692500051669,0.6950669769766573,0.717434907891381,96.7434907891381,False,False,False
14,0.015,0.0015,0.006,0.002292307692307692,65.0,0.9664493904943342,0.0015138399999999998,0.022134004195587115,0.011341486097606341,0.012916692500051669,0.6950669769766573,0.7193251555743153,96.93251555743153,False,False,False
14,0.02,0.001,0.003,0.002830769230769231,65.0,0.9197143797280146,0.00186944,0.02803347467450256,0.0056707430488031705,0.012916692500051669,0.548794452462514,0.5673818880113689,81.73818880113689,False,False,True
14,0.02,0.001,0.004,0.002830769230769231,65.0,0.9197143797280146,0.00186944,0.02803347467450256,0.00756099073173756,0.012916692500051669,0.548794452462514,0.5692721356943032,81.92721356943032,False,False,True
14,0.02,0.001,0.005,0.002830769230769231,65.0,0.9197143797280146,0.00186944,0.02803347467450256,0.00945123841467195,0.012916692500051669,0.548794452462514,0.5711623833772377,82.11623833772377,False,False,True
14,0.02,0.001,0.006,0.002830769230769231,65.0,0.9197143797280146,0.00186944,0.02803347467450256,0.011341486097606341,0.012916692500051669,0.548794452462514,0.573052631060172,82.30526310601721,False,False,True
14,0.02,0.0015,0.003,0.002292307692307692,65.0,0.9434392081705744,0.0015138399999999998,0.0283527985940365,0.0056707430488031705,0.012916692500051669,0.5426136447726632,0.561201080321518,81.1201080321518,False,False,True
14,0.02,0.0015,0.004,0.002292307692307692,65.0,0.9434392081705744,0.0015138399999999998,0.0283527985940365,0.00756099073173756,0.012916692500051669,0.5426136447726632,0.5630913280044524,81.30913280044524,False,False,True
14,0.02,0.0015,0.005,0.002292307692307692,65.0,0.9434392081705744,0.0015138399999999998,0.0283527985940365,0.00945123841467195,0.012916692500051669,0.5426136447726632,0.5649815756873868,81.49815756873869,False,False,True
14,0.02,0.0015,0.006,0.002292307692307692,65.0,0.9434392081705744,0.0015138399999999998,0.0283527985940365,0.011341486097606341,0.012916692500051669,0.5426136447726632,0.5668718233703212,81.68718233703211,False,False,True
14,0.025,0.001,0.003,0.002830769230769231,65.0,0.8819779692405005,0.00186944,0.0332325765861922,0.0056707430488031705,0.012916692500051669,0.4629377846979081,0.4815252202467629,73.1525220246763,False,False,True
14,0.025,0.001,0.004,0.002830769230769231,65.0,0.8819779692405005,0.00186944,0.0332325765861922,0.00756099073173756,0.012916692500051669,0.4629377846979081,0.4834154679296973,73.34154679296972,False,False,True
14,0.025,0.001,0.005,0.002830769230769231,65.0,0.8819779692405005,0.00186944,0.0332325765861922,0.00945123841467195,0.012916692500051669,0.4629377846979081,0.4853057156126317,73.53057156126317,False,False,True
14,0.025,0.001,0.006,0.002830769230769231,65.0,0.8819779692405005,0.00186944,0.0332325765861922,0.011341486097606341,0.012916692500051669,0.4629377846979081,0.4871959632955661,73.71959632955661,False,False,True
14,0.025,0.0015,0.003,0.002292307692307692,65.0,0.9159699652839537,0.0015138399999999998,0.0340857319654974,0.0056707430488031705,0.012916692500051669,0.4513505944419253,0.46993802999078016,71.99380299907801,False,False,True
14,0.025,0.0015,0.004,0.002292307692307692,65.0,0.9159699652839537,0.0015138399999999998,0.0340857319654974,0.00756099073173756,0.012916692500051669,0.4513505944419253,0.47182827767371455,72.18282776737146,False,False,True
14,0.025,0.0015,0.005,0.002292307692307692,65.0,0.9159699652839537,0.0015138399999999998,0.0340857319654974,0.00945123841467195,0.012916692500051669,0.4513505944419253,0.47371852535664893,72.37185253566489,False,False,True
14,0.025,0.0015,0.006,0.002292307692307692,65.0,0.9159699652839537,0.0015138399999999998,0.0340857319654974,0.011341486097606341,0.012916692500051669,0.4513505944419253,0.4756087730395833,72.56087730395834,False,False,True
14,0.03,0.001,0.003,0.002830769230769231,65.0,0.8408200080996091,0.00186944,0.03774891138562652,0.0056707430488031705,0.012916692500051669,0.40755123313233643,0.42613866868119127,67.61386686811912,True,True,True
14,0.03,0.001,0.004,0.002830769230769231,65.0,0.8408200080996091,0.00186944,0.03774891138562652,0.00756099073173756,0.012916692500051669,0.40755123313233643,0.42802891636412566,67.80289163641257,True,True,True
14,0.03,0.001,0.005,0.002830769230769231,65.0,0.8408200080996091,0.00186944,0.03774891138562652,0.00945123841467195,0.012916692500051669,0.40755123313233643,0.42991916404706004,67.991916404706,True,True,True
14,0.03,0.001,0.006,0.002830769230769231,65.0,0.8408200080996091,0.00186944,0.03774891138562652,0.011341486097606341,0.012916692500051669,0.40755123313233643,0.43180941172999443,68.18094117299944,True,True,True
14,0.03,0.0015,0.003,0.002292307692307692,65.0,0.8850897777499326,0.0015138399999999998,0.039282390996145125,0.0056707430488031705,0.012916692500051669,0.3916415216712525,0.4102289572201073,66.02289572201073,True,True,True
14,0.03,0.0015,0.004,0.002292307692307692,65.0,0.8850897777499326,0.0015138399999999998,0.039282390996145125,0.00756099073173756,0.012916692500051669,0.3916415216712525,0.4121192049030417,66.21192049030418,True,True,True
14,0.03,0.0015,0.005,0.002292307692307692,65.0,0.8850897777499326,0.0015138399999999998,0.039282390996145125,0.00945123841467195,0.012916692500051669,0.3916415216712525,0.4140094525859761,66.4009452585976,True,True,True
14,0.03,0.0015,0.006,0.002292307692307692,65.0,0.8850897777499326,0.0015138399999999998,0.039282390996145125,0.011341486097606341,0.012916692500051669,0.3916415216712525,0.4158997002689105,66.58997002689105,True,True,True
14,0.035,0.001,0.003,0.002830769230769231,65.0,0.7979562629595071,0.00186944,0.0415948945951761,0.0056707430488031705,0.012916692500051669,0.3698678776409158,0.3884553131897706,63.84553131897706,True,True,True
14,0.035,0.001,0.004,0.002830769230769231,65.0,0.7979562629595071,0.00186944,0.0415948945951761,0.00756099073173756,0.012916692500051669,0.3698678776409158,0.390345560872705,64.0345560872705,True,True,True
14,0.035,0.001,0.005,0.002830769230769231,65.0,0.7979562629595071,0.00186944,0.0415948945951761,0.00945123841467195,0.012916692500051669,0.3698678776409158,0.3922358085556394,64.22358085556394,True,True,True
14,0.035,0.001,0.006,0.002830769230769231,65.0,0.7979562629595071,0.00186944,0.0415948945951761,0.011341486097606341,0.012916692500051669,0.3698678776409158,0.3941260562385738,64.41260562385737,True,True,True
14,0.035,0.0015,0.003,0.002292307692307692,65.0,0.8518355920853805,0.0015138399999999998,0.04392162311637859,0.0056707430488031705,0.012916692500051669,0.3502742907257994,0.36886172627465424,61.88617262746543,True,True,True
14,0.035,0.0015,0.004,0.002292307692307692,65.0,0.8518355920853805,0.0015138399999999998,0.04392162311637859,0.00756099073173756,0.012916692500051669,0.3502742907257994,0.37075197395758863,62.07519739575886,True,True,True
14,0.035,0.0015,0.005,0.002292307692307692,65.0,0.8518355920853805,0.0015138399999999998,0.04392162311637859,0.00945123841467195,0.012916692500051669,0.3502742907257994,0.372642221640523,62.2642221640523,True,True,True
14,0.035,0.0015,0.006,0.002292307692307692,65.0,0.8518355920853805,0.0015138399999999998,0.04392162311637859,0.011341486097606341,0.012916692500051669,0.3502742907257994,0.3745324693234574,62.45324693234574,True,True,True
14,0.04,0.001,0.003,0.002830769230769231,65.0,0.7548114374884926,0.00186944,0.04481519154734527,0.0056707430488031705,0.012916692500051669,0.3432901847214514,0.36187762027030623,61.18776202703062,True,True,True
14,0.04,0.001,0.004,0.002830769230769231,65.0,0.7548114374884926,0.00186944,0.04481519154734527,0.00756099073173756,0.012916692500051669,0.3432901847214514,0.3637678679532406,61.376786795324065,True,True,True
14,0.04,0.001,0.005,0.002830769230769231,65.0,0.7548114374884926,0.00186944,0.04481519154734527,0.00945123841467195,0.012916692500051669,0.3432901847214514,0.365658115636175,61.5658115636175,True,True,True
14,0.04,0.001,0.006,0.002830769230769231,65.0,0.7548114374884926,0.00186944,0.04481519154734527,0.011341486097606341,0.012916692500051669,0.3432901847214514,0.3675483633191094,61.75483633191094,True,True,True
14,0.04,0.0015,0.003,0.002292307692307692,65.0,0.8171663578956474,0.0015138399999999998,0.04800733709883076,0.0056707430488031705,0.012916692500051669,0.32046383562045316,0.339051271169308,58.9051271169308,True,True,True
14,0.04,0.0015,0.004,0.002292307692307692,65.0,0.8171663578956474,0.0015138399999999998,0.04800733709883076,0.00756099073173756,0.012916692500051669,0.32046383562045316,0.3409415188522424,59.094151885224235,True,True,True
14,0.04,0.0015,0.005,0.002292307692307692,65.0,0.8171663578956474,0.0015138399999999998,0.04800733709883076,0.00945123841467195,0.012916692500051669,0.32046383562045316,0.3428317665351768,59.28317665351768,True,True,True
14,0.04,0.0015,0.006,0.002292307692307692,65.0,0.8171663578956474,0.0015138399999999998,0.04800733709883076,0.011341486097606341,0.012916692500051669,0.32046383562045316,0.34472201421811116,59.472201421811114,True,True,True
14,0.045,0.001,0.003,0.002830769230769231,65.0,0.7124808841793205,0.00186944,0.04747391643454994,0.0056707430488031705,0.012916692500051669,0.3240645925184081,0.3426520280672629,59.26520280672629,True,True,True
14,0.045,0.001,0.004,0.002830769230769231,65.0,0.7124808841793205,0.00186944,0.04747391643454994,0.00756099073173756,0.012916692500051669,0.3240645925184081,0.3445422757501973,59.45422757501973,True,True,True
14,0.045,0.001,0.005,0.002830769230769231,65.0,0.7124808841793205,0.00186944,0.04747391643454994,0.00945123841467195,0.012916692500051669,0.3240645925184081,0.3464325234331317,59.64325234331317,True,True,True
14,0.045,0.001,0.006,0.002830769230769231,65.0,0.7124808841793205,0.00186944,0.04747391643454994,0.011341486097606341,0.012916692500051669,0.3240645925184081,0.3483227711160661,59.83227711160661,True,True,True
14,0.045,0.0015,0.003,0.002292307692307692,65.0,0.7819191519258898,0.0015138399999999998,0.051562921076472354,0.0056707430488031705,0.012916692500051669,0.29836586181373714,0.316953297362592,56.6953297362592,True,True,True
14,0.045,0.0015,0.004,0.002292307692307692,65.0,0.7819191519258898,0.0015138399999999998,0.051562921076472354,0.00756099073173756,0.012916692500051669,0.29836586181373714,0.31884354504552637,56.88435450455263,True,True,True
14,0.045,0.0015,0.005,0.002292307692307692,65.0,0.7819191519258898,0.0015138399999999998,0.051562921076472354,0.00945123841467195,0.012916692500051669,0.29836586181373714,0.32073379272846075,57.073379272846076,True,True,True
14,0.045,0.0015,0.006,0.002292307692307692,65.0,0.7819191519258898,0.0015138399999999998,0.051562921076472354,0.011341486097606341,0.012916692500051669,0.29836586181373714,0.32262404041139514,57.26240404113951,True,True,True
14,0.05,0.001,0.003,0.002830769230769231,65.0,0.671743357372989,0.00186944,0.049643827576366976,0.0056707430488031705,0.012916692500051669,0.30989986340092873,0.32848729894978357,57.848729894978355,True,True,True
14,0.05,0.001,0.004,0.002830769230769231,65.0,0.671743357372989,0.00186944,0.049643827576366976,0.00756099073173756,0.012916692500051669,0.30989986340092873,0.33037754663271796,58.0377546632718,True,True,True
14,0.05,0.001,0.005,0.002830769230769231,65.0,0.671743357372989,0.00186944,0.049643827576366976,0.00945123841467195,0.012916692500051669,0.30989986340092873,0.33226779431565234,58.226779431565234,True,True,True
14,0.05,0.001,0.006,0.002830769230769231,65.0,0.671743357372989,0.00186944,0.049643827576366976,0.011341486097606341,0.012916692500051669,0.30989986340092873,0.33415804199858673,58.41580419985867,True,True,True
14,0.05,0.0015,0.003,0.002292307692307692,65.0,0.7467873748635436,0.0015138399999999998,0.05462535810029523,0.0056707430488031705,0.012916692500051669,0.28163870992604506,0.3002261454748999,55.022614547489994,True,True,True
14,0.05,0.0015,0.004,0.002292307692307692,65.0,0.7467873748635436,0.0015138399999999998,0.05462535810029523,0.00756099073173756,0.012916692500051669,0.28163870992604506,0.3021163931578343,55.21163931578343,True,True,True
14,0.05,0.0015,0.005,0.002292307692307692,65.0,0.7467873748635436,0.0015138399999999998,0.05462535810029523,0.00945123841467195,0.012916692500051669,0.28163870992604506,0.30400664084076867,55.400664084076865,True,True,True
14,0.05,0.0015,0.006,0.002292307692307692,65.0,0.7467873748635436,0.0015138399999999998,0.05462535810029523,0.011341486097606341,0.012916692500051669,0.28163870992604506,0.30589688852370306,55.5896888523703,True,True,True
15,0.015,0.001,0.003,0.0025571428571428572,65.0,0.9521305776014142,0.0018186399999999998,0.023584345003968325,0.0056707430488031705,0.012916692500051669,0.6523231992250264,0.6709106347738812,92.09106347738812,False,False,False
15,0.015,0.001,0.004,0.0025571428571428572,65.0,0.9521305776014142,0.0018186399999999998,0.023584345003968325,0.00756099073173756,0.012916692500051669,0.6523231992250264,0.6728008824568156,92.28008824568155,False,False,False
15,0.015,0.001,0.005,0.0025571428571428572,65.0,0.9521305776014142,0.0018186399999999998,0.023584345003968325,0.00945123841467195,0.012916692500051669,0.6523231992250264,0.67469113013975,92.469113013975,False,False,False
15,0.015,0.001,0.006,0.0025571428571428572,65.0,0.9521305776014142,0.0018186399999999998,0.023584345003968325,0.011341486097606341,0.012916692500051669,0.6523231992250264,0.6765813778226843,92.65813778226844,False,False,False
15,0.015,0.0015,0.003,0.002021428571428571,65.0,0.9664493904943342,0.00143764,0.02353067306670048,0.0056707430488031705,0.012916692500051669,0.6538111060829357,0.6723985416317906,92.23985416317906,False,False,False
15,0.015,0.0015,0.004,0.002021428571428571,65.0,0.9664493904943342,0.00143764,0.02353067306670048,0.00756099073173756,0.012916692500051669,0.6538111060829357,0.6742887893147249,92.4288789314725,False,False,False
15,0.015,0.0015,0.005,0.002021428571428571,65.0,0.9664493904943342,0.00143764,0.02353067306670048,0.00945123841467195,0.012916692500051669,0.6538111060829357,0.6761790369976594,92.61790369976593,False,False,False
15,0.015,0.0015,0.006,0.002021428571428571,65.0,0.9664493904943342,0.00143764,0.02353067306670048,0.011341486097606341,0.012916692500051669,0.6538111060829357,0.6780692846805937,92.80692846805937,False,False,False
15,0.02,0.001,0.003,0.0025571428571428572,65.0,0.9197143797280146,0.0018186399999999998,0.029851534294109885,0.0056707430488031705,0.012916692500051669,0.5153710101812414,0.5339584457300963,78.39584457300964,False,False,True
15,0.02,0.001,0.004,0.0025571428571428572,65.0,0.9197143797280146,0.0018186399999999998,0.029851534294109885,0.00756099073173756,0.012916692500051669,0.5153710101812414,0.5358486934130307,78.58486934130306,False,False,True
15,0.02,0.001,0.005,0.0025571428571428572,65.0,0.9197143797280146,0.0018186399999999998,0.029851534294109885,0.00945123841467195,0.012916692500051669,0.5153710101812414,0.5377389410959651,78.77389410959651,False,False,True
15,0.02,0.001,0.006,0.0025571428571428572,65.0,0.9197143797280146,0.0018186399999999998,0.029851534294109885,0.011341486097606341,0.012916692500051669,0.5153710101812414,0.5396291887788994,78.96291887788993,False,False,True
15,0.02,0.0015,0.003,0.002021428571428571,65.0,0.9434392081705744,0.00143764,0.030193667065039106,0.0056707430488031705,0.012916692500051669,0.5095311990913833,0.5281186346402382,77.81186346402382,False,False,True
15,0.02,0.0015,0.004,0.002021428571428571,65.0,0.9434392081705744,0.00143764,0.030193667065039106,0.00756099073173756,0.012916692500051669,0.5095311990913833,0.5300088823231726,78.00088823231727,False,False,True
15,0.02,0.0015,0.005,0.002021428571428571,65.0,0.9434392081705744,0.00143764,0.030193667065039106,0.00945123841467195,0.012916692500051669,0.5095311990913833,0.531899130006107,78.1899130006107,False,False,True
15,0.02,0.0015,0.006,0.002021428571428571,65.0,0.9434392081705744,0.00143764,0.030193667065039106,0.011341486097606341,0.012916692500051669,0.5095311990913833,0.5337893776890413,78.37893776890414,False,False,True
15,0.025,0.001,0.003,0.0025571428571428572,65.0,0.8819779692405005,0.0018186399999999998,0.03542200062806307,0.0056707430488031705,0.012916692500051669,0.4343237285255686,0.45291116407442344,70.29111640744235,False,False,True
15,0.025,0.001,0.004,0.0025571428571428572,65.0,0.8819779692405005,0.0018186399999999998,0.03542200062806307,0.00756099073173756,0.012916692500051669,0.4343237285255686,0.45480141175735783,70.48014117573578,False,False,True
15,0.025,0.001,0.005,0.0025571428571428572,65.0,0.8819779692405005,0.0018186399999999998,0.03542200062806307,0.00945123841467195,0.012916692500051669,0.4343237285255686,0.4566916594402922,70.66916594402923,False,False,True
15,0.025,0.001,0.006,0.0025571428571428572,65.0,0.8819779692405005,0.0018186399999999998,0.03542200062806307,0.011341486097606341,0.012916692500051669,0.4343237285255686,0.4585819071232266,70.85819071232265,False,False,True
15,0.025,0.0015,0.003,0.002021428571428571,65.0,0.9159699652839537,0.00143764,0.03633609567731864,0.0056707430488031705,0.012916692500051669,0.423397591233739,0.4419850267825938,69.19850267825939,True,True,True
15,0.025,0.0015,0.004,0.002021428571428571,65.0,0.9159699652839537,0.00143764,0.03633609567731864,0.00756099073173756,0.012916692500051669,0.423397591233739,0.4438752744655282,69.38752744655282,True,True,True
15,0.025,0.0015,0.005,0.002021428571428571,65.0,0.9159699652839537,0.00143764,0.03633609567731864,0.00945123841467195,0.012916692500051669,0.423397591233739,0.4457655221484626,69.57655221484626,True,True,True
15,0.025,0.0015,0.006,0.002021428571428571,65.0,0.9159699652839537,0.00143764,0.03633609567731864,0.011341486097606341,0.012916692500051669,0.423397591233739,0.447655769831397,69.7655769831397,True,True,True
15,0.03,0.001,0.003,0.0025571428571428572,65.0,0.8408200080996091,0.0018186399999999998,0.04026093077031413,0.0056707430488031705,0.012916692500051669,0.38212269538385907,0.4007101309327139,65.07101309327139,True,True,True
15,0.03,0.001,0.004,0.0025571428571428572,65.0,0.8408200080996091,0.0018186399999999998,0.04026093077031413,0.00756099073173756,0.012916692500051669,0.38212269538385907,0.4026003786156483,65.26003786156483,True,True,True
15,0.03,0.001,0.005,0.0025571428571428572,65.0,0.8408200080996091,0.0018186399999999998,0.04026093077031413,0.00945123841467195,0.012916692500051669,0.38212269538385907,0.4044906262985827,65.44906262985828,True,True,True
15,0.03,0.001,0.006,0.0025571428571428572,65.0,0.8408200080996091,0.0018186399999999998,0.04026093077031413,0.011341486097606341,0.012916692500051669,0.38212269538385907,0.40638087398151707,65.6380873981517,True,True,True
15,0.03,0.0015,0.003,0.002021428571428571,65.0,0.8850897777499326,0.00143764,0.04190394463872691,0.0056707430488031705,0.012916692500051669,0.36714002744259994,0.3857274629914548,63.57274629914548,True,True,True
15,0.03,0.0015,0.004,0.002021428571428571,65.0,0.8850897777499326,0.00143764,0.04190394463872691,0.00756099073173756,0.012916692500051669,0.36714002744259994,0.38761771067438916,63.761771067438914,True,True,True
15,0.03,0.0015,0.005,0.002021428571428571,65.0,0.8850897777499326,0.00143764,0.04190394463872691,0.00945123841467195,0.012916692500051669,0.36714002744259994,0.38950795835732355,63.95079583573236,True,True,True
15,0.03,0.0015,0.006,0.002021428571428571,65.0,0.8850897777499326,0.00143764,0.04190394463872691,0.011341486097606341,0.012916692500051669,0.36714002744259994,0.39139820604025793,64.1398206040258,True,True,True
15,0.035,0.001,0.003,0.0025571428571428572,65.0,0.7979562629595071,0.0018186399999999998,0.0443816270662601,0.0056707430488031705,0.012916692500051669,0.34664378936911733,0.36523122491797216,61.52312249179722,True,True,True
15,0.035,0.001,0.004,0.0025571428571428572,65.0,0.7979562629595071,0.0018186399999999998,0.0443816270662601,0.00756099073173756,0.012916692500051669,0.34664378936911733,0.36712147260090655,61.71214726009065,True,True,True
15,0.035,0.001,0.005,0.0025571428571428572,65.0,0.7979562629595071,0.0018186399999999998,0.0443816270662601,0.00945123841467195,0.012916692500051669,0.34664378936911733,0.36901172028384094,61.901172028384096,True,True,True
15,0.035,0.001,0.006,0.0025571428571428572,65.0,0.7979562629595071,0.0018186399999999998,0.0443816270662601,0.011341486097606341,0.012916692500051669,0.34664378936911733,0.3709019679667753,62.09019679667753,True,True,True
15,0.035,0.0015,0.003,0.002021428571428571,65.0,0.8518355920853805,0.00143764,0.04687455048183419,0.0056707430488031705,0.012916692500051669,0.3282082756308789,0.34679571117973373,59.679571117973374,True,True,True
15,0.035,0.0015,0.004,0.002021428571428571,65.0,0.8518355920853805,0.00143764,0.04687455048183419,0.00756099073173756,0.012916692500051669,0.3282082756308789,0.3486859588626681,59.86859588626681,True,True,True
15,0.035,0.0015,0.005,0.002021428571428571,65.0,0.8518355920853805,0.00143764,0.04687455048183419,0.00945123841467195,0.012916692500051669,0.3282082756308789,0.3505762065456025,60.05762065456025,True,True,True
15,0.035,0.0015,0.006,0.002021428571428571,65.0,0.8518355920853805,0.00143764,0.04687455048183419,0.011341486097606341,0.012916692500051669,0.3282082756308789,0.3524664542285369,60.24664542285369,True,True,True
15,0.04,0.001,0.003,0.0025571428571428572,65.0,0.7548114374884926,0.0018186399999999998,0.04783194522929851,0.0056707430488031705,0.012916692500051669,0.32163892375407394,0.34022635930292877,59.02263593029288,True,True,True
15,0.04,0.001,0.004,0.0025571428571428572,65.0,0.7548114374884926,0.0018186399999999998,0.04783194522929851,0.00756099073173756,0.012916692500051669,0.32163892375407394,0.34211660698586316,59.211660698586314,True,True,True
15,0.04,0.001,0.005,0.0025571428571428572,65.0,0.7548114374884926,0.0018186399999999998,0.04783194522929851,0.00945123841467195,0.012916692500051669,0.32163892375407394,0.34400685466879755,59.40068546687976,True,True,True
15,0.04,0.001,0.006,0.0025571428571428572,65.0,0.7548114374884926,0.0018186399999999998,0.04783194522929851,0.011341486097606341,0.012916692500051669,0.32163892375407394,0.34589710235173193,59.58971023517319,True,True,True
15,0.04,0.0015,0.003,0.002021428571428571,65.0,0.8171663578956474,0.00143764,0.05125210117731866,0.0056707430488031705,0.012916692500051669,0.3001753104987579,0.31876274604761273,56.87627460476128,True,True,True
15,0.04,0.0015,0.004,0.002021428571428571,65.0,0.8171663578956474,0.00143764,0.05125210117731866,0.00756099073173756,0.012916692500051669,0.3001753104987579,0.3206529937305471,57.065299373054714,True,True,True
15,0.04,0.0015,0.005,0.002021428571428571,65.0,0.8171663578956474,0.00143764,0.05125210117731866,0.00945123841467195,0.012916692500051669,0.3001753104987579,0.3225432414134815,57.25432414134815,True,True,True
15,0.04,0.0015,0.006,0.002021428571428571,65.0,0.8171663578956474,0.00143764,0.05125210117731866,0.011341486097606341,0.012916692500051669,0.3001753104987579,0.3244334890964159,57.44334890964159,True,True,True
15,0.045,0.001,0.003,0.0025571428571428572,65.0,0.7124808841793205,0.0018186399999999998,0.05068057903701781,0.0056707430488031705,0.012916692500051669,0.30356037119027873,0.32214780673913357,57.21478067391336,True,True,True
15,0.045,0.001,0.004,0.0025571428571428572,65.0,0.7124808841793205,0.0018186399999999998,0.05068057903701781,0.00756099073173756,0.012916692500051669,0.30356037119027873,0.32403805442206796,57.403805442206796,True,True,True
15,0.045,0.001,0.005,0.0025571428571428572,65.0,0.7124808841793205,0.0018186399999999998,0.05068057903701781,0.00945123841467195,0.012916692500051669,0.30356037119027873,0.32592830210500234,57.59283021050023,True,True,True
15,0.045,0.001,0.006,0.0025571428571428572,65.0,0.7124808841793205,0.0018186399999999998,0.05068057903701781,0.011341486097606341,0.012916692500051669,0.30356037119027873,0.32781854978793673,57.781854978793675,True,True,True
15,0.045,0.0015,0.003,0.002021428571428571,65.0,0.7819191519258898,0.00143764,0.05506165543907752,0.0056707430488031705,0.012916692500051669,0.2794070621730136,0.2979944977218684,54.79944977218685,True,True,True
15,0.045,0.0015,0.004,0.002021428571428571,65.0,0.7819191519258898,0.00143764,0.05506165543907752,0.00756099073173756,0.012916692500051669,0.2794070621730136,0.2998847454048028,54.98847454048028,True,True,True
15,0.045,0.0015,0.005,0.002021428571428571,65.0,0.7819191519258898,0.00143764,0.05506165543907752,0.00945123841467195,0.012916692500051669,0.2794070621730136,0.3017749930877372,55.17749930877372,True,True,True
15,0.045,0.0015,0.006,0.002021428571428571,65.0,0.7819191519258898,0.00143764,0.05506165543907752,0.011341486097606341,0.012916692500051669,0.2794070621730136,0.3036652407706716,55.366524077067155,True,True,True
15,0.05,0.001,0.003,0.0025571428571428572,65.0,0.671743357372989,0.0018186399999999998,0.053005483831821756,0.0056707430488031705,0.012916692500051669,0.2902457306762523,0.30883316622510715,55.88331662251072,True,True,True
15,0.05,0.001,0.004,0.0025571428571428572,65.0,0.671743357372989,0.0018186399999999998,0.053005483831821756,0.00756099073173756,0.012916692500051669,0.2902457306762523,0.31072341390804153,56.072341390804155,True,True,True
15,0.05,0.001,0.005,0.0025571428571428572,65.0,0.671743357372989,0.0018186399999999998,0.053005483831821756,0.00945123841467195,0.012916692500051669,0.2902457306762523,0.3126136615909759,56.26136615909759,True,True,True
15,0.05,0.001,0.006,0.0025571428571428572,65.0,0.671743357372989,0.0018186399999999998,0.053005483831821756,0.011341486097606341,0.012916692500051669,0.2902457306762523,0.3145039092739103,56.45039092739103,True,True,True
15,0.05,0.0015,0.003,0.002021428571428571,65.0,0.7467873748635436,0.00143764,0.058342837964602025,0.0056707430488031705,0.012916692500051669,0.26369329846363654,0.2822807340124914,53.228073401249134,True,True,True
15,0.05,0.0015,0.004,0.002021428571428571,65.0,0.7467873748635436,0.00143764,0.058342837964602025,0.00756099073173756,0.012916692500051669,0.26369329846363654,0.28417098169542576,53.41709816954258,True,True,True
15,0.05,0.0015,0.005,0.002021428571428571,65.0,0.7467873748635436,0.00143764,0.058342837964602025,0.00945123841467195,0.012916692500051669,0.26369329846363654,0.28606122937836015,53.60612293783602,True,True,True
15,0.05,0.0015,0.006,0.002021428571428571,65.0,0.7467873748635436,0.00143764,0.058342837964602025,0.011341486097606341,0.012916692500051669,0.26369329846363654,0.28795147706129454,53.795147706129455,True,True,True
16,0.015,0.001,0.003,0.00232,65.0,0.9521305776014142,0.00176784,0.02498459200423288,0.0056707430488031705,0.012916692500051669,0.6157641230246597,0.6343515585735146,88.43515585735145,False,False,False
16,0.015,0.001,0.004,0.00232,65.0,0.9521305776014142,0.00176784,0.02498459200423288,0.00756099073173756,0.012916692500051669,0.6157641230246597,0.6362418062564489,88.6241806256449,False,False,False
16,0.015,0.001,0.005,0.00232,65.0,0.9521305776014142,0.00176784,0.02498459200423288,0.00945123841467195,0.012916692500051669,0.6157641230246597,0.6381320539393833,88.81320539393833,False,False,False
16,0.015,0.001,0.006,0.00232,65.0,0.9521305776014142,0.00176784,0.02498459200423288,0.011341486097606341,0.012916692500051669,0.6157641230246597,0.6400223016223177,89.00223016223177,False,False,False
16,0.02,0.001,0.003,0.00232,65.0,0.9197143797280146,0.00176784,0.03166959391371721,0.0056707430488031705,0.012916692500051669,0.4857850538447154,0.5043724893935703,75.43724893935703,False,False,True
16,0.02,0.001,0.004,0.00232,65.0,0.9197143797280146,0.00176784,0.03166959391371721,0.00756099073173756,0.012916692500051669,0.4857850538447154,0.5062627370765046,75.62627370765045,False,False,True
16,0.02,0.001,0.005,0.00232,65.0,0.9197143797280146,0.00176784,0.03166959391371721,0.00945123841467195,0.012916692500051669,0.4857850538447154,0.508152984759439,75.8152984759439,False,False,True
16,0.02,0.001,0.006,0.00232,65.0,0.9197143797280146,0.00176784,0.03166959391371721,0.011341486097606341,0.012916692500051669,0.4857850538447154,0.5100432324423734,76.00432324423734,False,False,True
16,0.025,0.001,0.003,0.00232,65.0,0.8819779692405005,0.00176784,0.037611424669933946,0.0056707430488031705,0.012916692500051669,0.4090410166492213,0.42762845219807616,67.76284521980762,True,True,True
16,0.025,0.001,0.004,0.00232,65.0,0.8819779692405005,0.00176784,0.037611424669933946,0.00756099073173756,0.012916692500051669,0.4090410166492213,0.42951869988101055,67.95186998810105,True,True,True
16,0.025,0.001,0.005,0.00232,65.0,0.8819779692405005,0.00176784,0.037611424669933946,0.00945123841467195,0.012916692500051669,0.4090410166492213,0.43140894756394493,68.14089475639449,True,True,True
16,0.025,0.001,0.006,0.00232,65.0,0.8819779692405005,0.00176784,0.037611424669933946,0.011341486097606341,0.012916692500051669,0.4090410166492213,0.4332991952468793,68.32991952468794,True,True,True
16,0.03,0.001,0.003,0.00232,65.0,0.8408200080996091,0.00176784,0.04277295015500174,0.0056707430488031705,0.012916692500051669,0.3596809509015444,0.37826838645039923,62.82683864503992,True,True,True
16,0.03,0.001,0.004,0.00232,65.0,0.8408200080996091,0.00176784,0.04277295015500174,0.00756099073173756,0.012916692500051669,0.3596809509015444,0.3801586341333336,63.01586341333336,True,True,True
16,0.03,0.001,0.005,0.00232,65.0,0.8408200080996091,0.00176784,0.04277295015500174,0.00945123841467195,0.012916692500051669,0.3596809509015444,0.382048881816268,63.2048881816268,True,True,True
16,0.03,0.001,0.006,0.00232,65.0,0.8408200080996091,0.00176784,0.04277295015500174,0.011341486097606341,0.012916692500051669,0.3596809509015444,0.3839391294992024,63.39391294992024,True,True,True
16,0.035,0.001,0.003,0.00232,65.0,0.7979562629595071,0.00176784,0.047168359537344114,0.0056707430488031705,0.012916692500051669,0.3261638847633674,0.3447513203122222,59.47513203122222,True,True,True
16,0.035,0.001,0.004,0.00232,65.0,0.7979562629595071,0.00176784,0.047168359537344114,0.00756099073173756,0.012916692500051669,0.3261638847633674,0.3466415679951566,59.66415679951566,True,True,True
16,0.035,0.001,0.005,0.00232,65.0,0.7979562629595071,0.00176784,0.047168359537344114,0.00945123841467195,0.012916692500051669,0.3261638847633674,0.348531815678091,59.8531815678091,True,True,True
16,0.035,0.001,0.006,0.00232,65.0,0.7979562629595071,0.00176784,0.047168359537344114,0.011341486097606341,0.012916692500051669,0.3261638847633674,0.3504220633610254,60.04220633610254,True,True,True
16,0.04,0.001,0.003,0.00232,65.0,0.7548114374884926,0.00176784,0.05084869891125174,0.0056707430488031705,0.012916692500051669,0.3025567165733536,0.3211441521222084,57.11441521222084,True,True,True
16,0.04,0.001,0.004,0.00232,65.0,0.7548114374884926,0.00176784,0.05084869891125174,0.00756099073173756,0.012916692500051669,0.3025567165733536,0.3230343998051428,57.303439980514284,True,True,True
16,0.04,0.001,0.005,0.00232,65.0,0.7548114374884926,0.00176784,0.05084869891125174,0.00945123841467195,0.012916692500051669,0.3025567165733536,0.3249246474880772,57.49246474880772,True,True,True
16,0.04,0.001,0.006,0.00232,65.0,0.7548114374884926,0.00176784,0.05084869891125174,0.011341486097606341,0.012916692500051669,0.3025567165733536,0.3268148951710116,57.681489517101156,True,True,True
16,0.045,0.001,0.003,0.00232,65.0,0.7124808841793205,0.00176784,0.053887241639485654,0.0056707430488031705,0.012916692500051669,0.28549643508459654,0.3040838706334514,55.40838706334514,True,True,True
16,0.045,0.001,0.004,0.00232,65.0,0.7124808841793205,0.00176784,0.053887241639485654,0.00756099073173756,0.012916692500051669,0.28549643508459654,0.30597411831638577,55.59741183163858,True,True,True
16,0.045,0.001,0.005,0.00232,65.0,0.7124808841793205,0.00176784,0.053887241639485654,0.00945123841467195,0.012916692500051669,0.28549643508459654,0.30786436599932016,55.78643659993202,True,True,True
16,0.045,0.001,0.006,0.00232,65.0,0.7124808841793205,0.00176784,0.053887241639485654,0.011341486097606341,0.012916692500051669,0.28549643508459654,0.30975461368225454,55.97546136822545,True,True,True
16,0.05,0.001,0.003,0.00232,65.0,0.671743357372989,0.00176784,0.05636714008727654,0.0056707430488031705,0.012916692500051669,0.2729358871284667,0.29152332267732156,54.152332267732156,True,True,True
16,0.05,0.001,0.004,0.00232,65.0,0.671743357372989,0.00176784,0.05636714008727654,0.00756099073173756,0.012916692500051669,0.2729358871284667,0.29341357036025595,54.3413570360256,True,True,True
16,0.05,0.001,0.005,0.00232,65.0,0.671743357372989,0.00176784,0.05636714008727654,0.00945123841467195,0.012916692500051669,0.2729358871284667,0.29530381804319034,54.530381804319035,True,True,True
16,0.05,0.001,0.006,0.00232,65.0,0.671743357372989,0.00176784,0.05636714008727654,0.011341486097606341,0.012916692500051669,0.2729358871284667,0.2971940657261247,54.71940657261247,True,True,True
17,0.015,0.001,0.003,0.0021125,65.0,0.9521305776014142,0.00171704,0.026384839004497437,0.0056707430488031705,0.012916692500051669,0.5830854371327789,0.6016728726816338,85.16728726816339,False,False,False
17,0.015,0.001,0.004,0.0021125,65.0,0.9521305776014142,0.00171704,0.026384839004497437,0.00756099073173756,0.012916692500051669,0.5830854371327789,0.6035631203645682,85.35631203645681,False,False,False
17,0.015,0.001,0.005,0.0021125,65.0,0.9521305776014142,0.00171704,0.026384839004497437,0.00945123841467195,0.012916692500051669,0.5830854371327789,0.6054533680475026,85.54533680475026,False,False,False
17,0.015,0.001,0.006,0.0021125,65.0,0.9521305776014142,0.00171704,0.026384839004497437,0.011341486097606341,0.012916692500051669,0.5830854371327789,0.6073436157304369,85.73436157304369,False,False,False
17,0.02,0.001,0.003,0.0021125,65.0,0.9197143797280146,0.00171704,0.033487653533324536,0.0056707430488031705,0.012916692500051669,0.45941156699156926,0.4779990025404241,72.79990025404241,False,False,True
17,0.02,0.001,0.004,0.0021125,65.0,0.9197143797280146,0.00171704,0.033487653533324536,0.00756099073173756,0.012916692500051669,0.45941156699156926,0.4798892502233585,72.98892502233585,False,False,True
17,0.02,0.001,0.005,0.0021125,65.0,0.9197143797280146,0.00171704,0.033487653533324536,0.00945123841467195,0.012916692500051669,0.45941156699156926,0.4817794979062929,73.17794979062928,False,False,True
17,0.02,0.001,0.006,0.0021125,65.0,0.9197143797280146,0.00171704,0.033487653533324536,0.011341486097606341,0.012916692500051669,0.45941156699156926,0.48366974558922726,73.36697455892272,False,False,True
17,0.025,0.001,0.003,0.0021125,65.0,0.8819779692405005,0.00171704,0.039800848711804816,0.0056707430488031705,0.012916692500051669,0.3865398825038711,0.40512731805272595,65.5127318052726,True,True,True
17,0.025,0.001,0.004,0.0021125,65.0,0.8819779692405005,0.00171704,0.039800848711804816,0.00756099073173756,0.012916692500051669,0.3865398825038711,0.40701756573566034,65.70175657356603,True,True,True
17,0.025,0.001,0.005,0.0021125,65.0,0.8819779692405005,0.00171704,0.039800848711804816,0.00945123841467195,0.012916692500051669,0.3865398825038711,0.4089078134185947,65.89078134185948,True,True,True
17,0.025,0.001,0.006,0.0021125,65.0,0.8819779692405005,0.00171704,0.039800848711804816,0.011341486097606341,0.012916692500051669,0.3865398825038711,0.4107980611015291,66.0798061101529,True,True,True
17,0.03,0.001,0.003,0.0021125,65.0,0.8408200080996091,0.00171704,0.04528496953968935,0.0056707430488031705,0.012916692500051669,0.3397289551256463,0.35831639067450116,60.83163906745012,True,True,True
17,0.03,0.001,0.004,0.0021125,65.0,0.8408200080996091,0.00171704,0.04528496953968935,0.00756099073173756,0.012916692500051669,0.3397289551256463,0.36020663835743555,61.020663835743555,True,True,True
17,0.03,0.001,0.005,0.0021125,65.0,0.8408200080996091,0.00171704,0.04528496953968935,0.00945123841467195,0.012916692500051669,0.3397289551256463,0.36209688604036994,61.20968860403699,True,True,True
17,0.03,0.001,0.006,0.0021125,65.0,0.8408200080996091,0.00171704,0.04528496953968935,0.011341486097606341,0.012916692500051669,0.3397289551256463,0.3639871337233043,61.398713372330434,True,True,True
17,0.035,0.001,0.003,0.0021125,65.0,0.7979562629595071,0.00171704,0.049955092008428126,0.0056707430488031705,0.012916692500051669,0.30796891299929513,0.32655634854814997,57.655634854815,True,True,True
17,0.035,0.001,0.004,0.0021125,65.0,0.7979562629595071,0.00171704,0.049955092008428126,0.00756099073173756,0.012916692500051669,0.30796891299929513,0.32844659623108435,57.844659623108434,True,True,True
17,0.035,0.001,0.005,0.0021125,65.0,0.7979562629595071,0.00171704,0.049955092008428126,0.00945123841467195,0.012916692500051669,0.30796891299929513,0.33033684391401874,58.03368439140188,True,True,True
17,0.035,0.001,0.006,0.0021125,65.0,0.7979562629595071,0.00171704,0.049955092008428126,0.011341486097606341,0.012916692500051669,0.30796891299929513,0.33222709159695313,58.22270915969531,True,True,True
17,0.04,0.001,0.003,0.0021125,65.0,0.7548114374884926,0.00171704,0.05386545259320497,0.0056707430488031705,0.012916692500051669,0.28561192088741727,0.3041993564362721,55.41993564362721,True,True,True
17,0.04,0.001,0.004,0.0021125,65.0,0.7548114374884926,0.00171704,0.05386545259320497,0.00756099073173756,0.012916692500051669,0.28561192088741727,0.3060896041192065,55.60896041192065,True,True,True
17,0.04,0.001,0.005,0.0021125,65.0,0.7548114374884926,0.00171704,0.05386545259320497,0.00945123841467195,0.012916692500051669,0.28561192088741727,0.3079798518021409,55.797985180214084,True,True,True
17,0.04,0.001,0.006,0.0021125,65.0,0.7548114374884926,0.00171704,0.05386545259320497,0.011341486097606341,0.012916692500051669,0.28561192088741727,0.30987009948507527,55.98700994850753,True,True,True
17,0.045,0.001,0.003,0.0021125,65.0,0.7124808841793205,0.00171704,0.05709390424195351,0.0056707430488031705,0.012916692500051669,0.26946161046226935,0.2880490460111242,53.80490460111242,True,True,True
17,0.045,0.001,0.004,0.0021125,65.0,0.7124808841793205,0.00171704,0.05709390424195351,0.00756099073173756,0.012916692500051669,0.26946161046226935,0.2899392936940586,53.99392936940586,True,True,True
17,0.045,0.001,0.005,0.0021125,65.0,0.7124808841793205,0.00171704,0.05709390424195351,0.00945123841467195,0.012916692500051669,0.26946161046226935,0.29182954137699296,54.1829541376993,True,True,True
17,0.045,0.001,0.006,0.0021125,65.0,0.7124808841793205,0.00171704,0.05709390424195351,0.011341486097606341,0.012916692500051669,0.26946161046226935,0.29371978905992735,54.371978905992734,True,True,True
17,0.05,0.001,0.003,0.0021125,65.0,0.671743357372989,0.00171704,0.05972879634273134,0.0056707430488031705,0.012916692500051669,0.25757450889076233,0.27616194443961717,52.61619444396172,True,True,True
17,0.05,0.001,0.004,0.0021125,65.0,0.671743357372989,0.00171704,0.05972879634273134,0.00756099073173756,0.012916692500051669,0.25757450889076233,0.27805219212255156,52.80521921225515,True,True,True
17,0.05,0.001,0.005,0.0021125,65.0,0.671743357372989,0.00171704,0.05972879634273134,0.00945123841467195,0.012916692500051669,0.25757450889076233,0.27994243980548594,52.994243980548596,True,True,True
17,0.05,0.001,0.006,0.0021125,65.0,0.671743357372989,0.00171704,0.05972879634273134,0.011341486097606341,0.012916692500051669,0.25757450889076233,0.28183268748842033,53.18326874884203,True,True,True
